enterprise_id,invest_name,invest_id,invest_time,invest_level
000f621b007d429babe210f5c90c5bde,**资本,a5d129404ca349b63db5746fffa81b71,2015/12/7,3
000f621b007d429babe210f5c90c5bde,**圈,29d2296d6ba171e6535be5a71e004a9c,2015/12/7,3
000f621b007d429babe210f5c90c5bde,**资本,a5d129404ca349b63db5746fffa81b71,2016/6/16,3
000f621b007d429babe210f5c90c5bde,深圳********限公司,d0137420ed802ff65ed3a6e4837c61b8,2016/6/16,4
0025ffc0324a4180886028e3cc874bdc,北京***慧投资,fd3eb5e8402b1b3463ff093a27bd4d22,2016/3/31,4
00420c9a60a64fbfba2b3bd2308cccee,杭***投资,dbabb030c1820f5c1c73c34b7590b4e1,2015/4/1,3
00420c9a60a64fbfba2b3bd2308cccee,锐银***权投资,b69cd8e2958a31ba0049e56b1027c5ec,2015/8/4,4
00a4958deffa4370a36224c29dcb4c55,*浪,62a3c7ee758a52d906d78372d1abbfbb,2016/1/21,2
00a4958deffa4370a36224c29dcb4c55,常***投,ff7771bf534b6f960561e7b7154de950,2016/1/21,3
00b4270d0cdd4cf2b7049b4813f0caf5,**资本,829df73990b52e5b38460f749f5c9def,2014/8/13,3
00c622e0ef17413bafe7c71e5cd3dd5a,**资本,4ada1e9b44e7f13e7278b26659342ea9,2015/3/26,3
01ebfc85b00d459c9d06e23a326f7dc1,拓***投资,9dbfda379f8b502df52bcb1aa61d8615,2015/4/18,3
01ebfc85b00d459c9d06e23a326f7dc1,拓***投资,9dbfda379f8b502df52bcb1aa61d8615,2015/11/19,3
023abaa8ed2c4f4fba8142e6d092be76,**资本,4a9ec66218f19db73ba75d33656a152c,2016/6/17,3
026cdab2c9c6432097e1786de0289811,**投资,dd327b240c6f5a1b0342f50d6a5675f4,2015/10/20,2
026cdab2c9c6432097e1786de0289811,**投资,dd327b240c6f5a1b0342f50d6a5675f4,2016/6/21,2
026cdab2c9c6432097e1786de0289811,**津杉,db8366bd8c1281e5ac65de112d69c1c9,2016/6/21,3
02711c8acd8f46819fc00df1af801eec,**资本,9549330f9c0a0be6c6356120787ad12d,2015/7/8,2
02711c8acd8f46819fc00df1af801eec,上***投资,f44392030f2730b3009b385831e0c3c5,2015/7/8,3
02711c8acd8f46819fc00df1af801eec,**资本,9549330f9c0a0be6c6356120787ad12d,2015/9/16,2
02711c8acd8f46819fc00df1af801eec,**创投,eb975d00f190b68744f6f7fb393cf710,2015/9/16,3
029197a2ba1a4099bee244d47923caf3,北京***阳教育,cbaa0ce4a9fa74afd2967e907093c3f3,2015/11/13,3
02a4822325964c18b3df8c4567358a52,深圳**慧投资,3a33a476a8e373a1f1368d8751d1e1ad,2013/9/12,3
0324a73f0ee3416198500f424c670000,**天使,411742954ebc67d42651178280ebb301,2013/9/29,3
03e3ca90263e49d5a461a38694a4f2bc,深圳***海基金,173114a7c8ea272d3b3eae2061287d8b,2009/9/10,3
04a8eded43654f72a07e75534851b00a,**创投,5f8659241aa0e5892121d4f7b08ad7a6,2016/6/1,3
04a8eded43654f72a07e75534851b00a,**资本,0400216ff42aa7240c5816291bc08ca9,2016/6/1,3
04d764b772a346a3a71ae0a348b58fcc,**创投,9c3ef975ac90df74f5a23181782c45f2,2015/9/29,3
04d764b772a346a3a71ae0a348b58fcc,波***资,e2e314d9daaf88313c9ca5386ff82bf7,2015/9/29,3
0624771871bf41b4b28a66112e091536,**投资,f4e01c71605863102042af5941c3aef0,2015/1/22,2
069285c8dc6f489fbe73362379f6e2d6,大***资本,a2c5603b4d32bc34d2132c3cba958f06,2015/6/4,3
069285c8dc6f489fbe73362379f6e2d6,大***资本,a2c5603b4d32bc34d2132c3cba958f06,2015/7/22,3
06aeb090295349be89663968a982cf90,**创投,8cb54e436aa1e055de6aff1388f7e0cc,2015/8/19,3
06f811fac3dd45089b8bf3adc6be6998,上***投资,ab457cf04ecb4566f5c403b734370e52,2015/10/21,3
06f811fac3dd45089b8bf3adc6be6998,湖***投资,1e99ac1fc6088d9926428222a46d9310,2015/10/21,3
08579564737e4b1880736cba8298a045,创大****Hub,6e6d1a4a379b5e51748d2e338db44ba6,2015/5/4,3
08579564737e4b1880736cba8298a045,T***投,159e222b77055d3edda8d369b130f905,2016/1/31,3
08a1b0da9e074ab180093dc7d860c5c5,利***投,f45e9b7c6bc4098b92925cd99ef566b8,2016/6/16,4
08a1b0da9e074ab180093dc7d860c5c5,深圳*******产投资,4a3eb62265b0c146f7b68c788fd27413,2016/6/16,3
08c185f2671043b793ec0c22791d9628,江苏**信资产,3083015119a62110c0e2313590484858,1998/2/26,2
08e6f273298648ddb47d1a38f6cd486f,**湾,3651c9eeced5d078d2f4807bdf8a6079,2015/8/14,2
08e6f273298648ddb47d1a38f6cd486f,**资本,829df73990b52e5b38460f749f5c9def,2015/8/14,3
095f597f146e4a6aa29fca8b96fdc620,**资本,191a6c6ffa870c80a5c1504ba48c613e,2016/4/14,3
09b15864857d4926959f36278ee90c3d,**资本,7ca747eb3c6f0cf02a24ae00c34bb8a9,2012/1/11,3
09b15864857d4926959f36278ee90c3d,**永宣,1c655fa1c5703a12533e2de443cdd347,2015/2/3,1
09b15864857d4926959f36278ee90c3d,**资本,051b1f1ce4c7030049f3a7de21b6d698,2015/5/25,3
09b15864857d4926959f36278ee90c3d,**基金,b1647d493f5eed30952f9312b610652a,2015/5/25,2
09b15864857d4926959f36278ee90c3d,**永宣,1c655fa1c5703a12533e2de443cdd347,2015/5/25,1
09c5fef7b71a4de1bdcb9268f5543cf1,**接力,7510ac14ecac18d1b698048e0f9e6fe2,2016/6/14,2
09e0e3edf3d54524aea1d4f40b0f24f0,**资本,7401fac31166ea59d1b3f39d033b646a,2016/5/9,2
09e0e3edf3d54524aea1d4f40b0f24f0,人民**份投资,61b8610d897dafe298b9aba7a9eae1bb,2016/5/9,3
09e0e3edf3d54524aea1d4f40b0f24f0,上***集团,b01b0e2fc1f413de6bf192662e062686,2016/5/9,3
09f63e054bdb4330a0fed377624132ea,**资本,9587e0f23ced2b269c891e2d9315f4c6,2016/3/11,3
0a00cb2a2d3f42e28094cf70c5995652,**投资,eac1c583c7a10c5c256bb746420cb9e4,2014/4/1,3
0a6077b936954b95a6303619046093b3,*尔,3cfbd76af738e1ad6ed9b5e96035f27c,2016/4/13,2
0a6077b936954b95a6303619046093b3,中金***展基金,cdda600f7db7f79525868683f91f90f2,2016/4/13,3
0a76a03856194336803ce06feed319ba,**动漫,ce718962fd06c4acd9aeacc80c6b7fcb,2012/9/25,3
0ae93a09b7b04b39937f17f54bd5d637,**投资,00622d6353a5dfcea984e307a2a5e495,2014/12/24,2
0b1f6a701a9d4eee8cab1d9b16b59974,**投资,5e83b069cb276536d9db65a2c73d6748,2015/2/10,2
0b727f00b1df4e1db36ed70e7bf3489a,**资本,f3bc8e669352fd0aa0e7619ecaf7847d,2012/3/29,3
0b90bbc9305d4ccaa69f76859e1dae97,中南***产管理,fb2b240ffc9552b0dc14d6e4e96b5a6c,2014/6/13,3
0b90bbc9305d4ccaa69f76859e1dae97,湖***投资,6f57924bffdc65a885cd56e03fc9ed43,2014/6/13,3
0b9a4e17626a4628aeddb085a5069cf6,太***资,287a4975eafc687837a5a834314bf74d,1999/5/13,3
0c374514508a4bebb894378fdb617faf,**汇,8ed1cd18bf0420ecba0a21c201b8ccbe,2015/4/10,2
0c51b35a99064a0ab0493cfe31b5d8f2,**投资,0d3f6979b922dc9ede68e3a12c29afd2,2016/1/18,3
0cf5ab22c0e943fa803385b21d1067a6,创赛*****业投资,215cacf94062bdb5e5c73df68a80c178,2016/1/12,4
0d8c74c2dcd342bbb5ba09c673282bf9,**资本,94c2d69601461697fc8b8ac2b6521b0f,2016/3/1,3
0db2faf944014142b52509af0beb35c6,**投资,eac1c583c7a10c5c256bb746420cb9e4,2015/7/21,3
0db4181833a845b0bc8f436515855f68,**湾,3651c9eeced5d078d2f4807bdf8a6079,2016/1/13,2
0e1dec3192a34c02ab1bb570964cd3ea,乐***集团,574a8683414665480ae4d6c950145db3,2015/3/24,3
0e1dec3192a34c02ab1bb570964cd3ea,乐***集团,574a8683414665480ae4d6c950145db3,2016/1/5,3
0e32b4dd17f649cd9bf987a265aa1486,**硅谷,cdc2fe43cfe349c5fb454e4d9aeb82c6,2016/6/13,2
0e32b4dd17f649cd9bf987a265aa1486,**投资,a9cd3f2aa3658c88aa652813f348604d,2016/6/13,2
0e51a9d480a94a66b663913c11381493,**投资,6ecfc6f48b2c6b6b699df0f2366263a4,2014/12/15,3
0e51a9d480a94a66b663913c11381493,**投资,19bb9fa7b94165f41714c46035a6cfd6,2014/12/15,3
0f18b2c3990a40a9a485d9dcdb789222,**投资,5510e545674fd48abd042218a4d7ebc1,2006/8/2,3
0f462e5250aa4d65b8a6bc45b1499284,广***惠众,ab5359a3559b89cb786b6ad8faa4e252,2014/1/28,4
0ffbb1abeb8342a9ab355b5a3afea448,**创投,9951e5879f16a5d9c9033cb838230e9b,2014/8/29,1
0ffbb1abeb8342a9ab355b5a3afea448,孚惠*****兄弟）,6f90efdd157ba68a54348a1cf64cd7be,2015/6/18,4
100fda771d7d48d0ada26f915eb74b77,狐***基金,c2d4e135850be8d41b270354236a1d4a,2016/2/29,4
1062e7391bdd41ca8cbc6fc1d7408714,**证券,566ef77a34c74ca648106d13a9d2a058,2015/1/20,2
1062e7391bdd41ca8cbc6fc1d7408714,**证券,566ef77a34c74ca648106d13a9d2a058,2015/3/9,2
1062e7391bdd41ca8cbc6fc1d7408714,国***资本,95ab05a23f601e90352752b757a3be56,2015/3/9,3
106e9e1738144ce28f4e6bf3dd4ba49a,杭州**兽投资,db597c4c3cd954c539fd92483506ed82,2015/10/10,3
10b90559d8994ac1bd7d3e8bc8b4bd58,**资本,7e905754571b6c195b4c1cc77b008b0a,2016/3/1,3
10e32671658d415f8eb5b83cc19d36ca,福建****权投资,3e4517831afa02567b45d36df91031f2,2013/7/9,4
114f140e1713416fab2a91c734ff0b1c,纽***投资,2e9db5e7880118ba6c040c9bde855366,1998/5/28,4
11e0226adda648c7a33df200b2a38245,**网,e717d0f656cfe606cb9864dcb8c5b7cb,2016/5/26,3
12170a0d4b304b7480a540e5dc76077e,上***科技,99f248478a75fb0663c5979783bd437c,2015/8/10,3
12c3567ef0e04a69a6108e778d0ba713,深***资本,1f112e43b18294fd028950ccc9999caf,2015/4/27,4
13209433c84644d58259e48ee174f541,大***投资,64647e4f263f5833424cc7458e7b232b,2016/3/15,4
135938987bf04eb78821e5bf9cb64fae,洛***资,7b31a292ae7c983b3efbdedbbdf28e9c,2016/3/4,3
137b17ee1bd84c349fb33a5fec723a31,浙江***诚投资,38114e771d2c54d0114a0115b6cfee8e,2015/8/18,3
156514e9dc08492c8ceb15802e38580f,**金融,aec7ed7229e45192ef4b79f1cf482819,2016/5/11,3
15815718732043068aa532ca78fe50c8,北***投,e593a7bca1c66b2aa9b3a10f74f41dfa,2015/10/28,2
15815718732043068aa532ca78fe50c8,北***投,e593a7bca1c66b2aa9b3a10f74f41dfa,2016/4/5,2
15f1a9ca74564cb7923e4cb06c17a3e4,淮***投资,a16e812ad330db1eb18f1fad1762dfcc,1998/11/24,3
15f1a9ca74564cb7923e4cb06c17a3e4,郑***资,17088ba4f060c211a08e16d38fe64c62,1998/11/24,3
1623efc67e5c44cfa4a3b30317779bce,海南***资控股,c6acd3601b73a3d8ab36788255c828ee,2014/12/29,3
1628ec02820f421793bf9c18da416d7c,深***资本,79960fc31ca6c8a5d327102aae0acafc,2016/5/17,3
1628ec02820f421793bf9c18da416d7c,深圳***文资产,5063f8d8953548743cee68744084f7bc,2016/5/17,3
162ec7498b2d4dae865e1099a61c0bf1,国***投资,5acf075bfdd1a866d27465126e046a5c,2015/5/15,4
162ec7498b2d4dae865e1099a61c0bf1,弘***工场,b52cf32baf1ce16419a50b363019394f,2015/8/26,3
165e3a8aeba34b408e90426d136155a8,**工场,f4d7f723c0c840ede5e53db932d30ef9,2015/12/17,1
165e913e135f45fb95b4815789910c04,**互联,6dbe42ebf81f401b0a5d69931f202f78,2015/8/14,2
16e90281afa3471b8557342fec08c07d,**投资,7652fa446590171b6f7c4df1c99f8315,2016/3/7,2
173a46f185db459b89bb9ce66800327b,**国发,9d6cbc2f7af5e517dc5dfa1aac1fbd5b,2014/7/4,2
178e75a227c54d069f03609083cd7247,**资本,bcec5e06f62933b8dc2244d14746ec00,2015/5/15,4
1807c12d9a6f4e7c849719eda401ed05,**资本,d0807ca81c39c1b06c738fff606eb7dd,2015/8/12,3
18aeca065249421b92e2dee7f2e60719,恒***控股,11b7e84ce155e7dd69c08bf20ff45bdb,2005/5/26,3
18aeca065249421b92e2dee7f2e60719,恒***控股,11b7e84ce155e7dd69c08bf20ff45bdb,2012/4/23,3
18c9df3962354bdf84cea9c465cdfd32,**资产,3341d6a32e78883560626529e6f4d6c0,2015/1/21,4
190444cf50f848fea3bf3ccfecd1d39c,**创投,488157fae52f78152d3142275b1a8848,2015/8/21,3
193d4581a046475cb69548054025ac6f,成都****权投资,c9be6380db096b84089636c823a209a8,2014/4/28,3
1975a590c980442e8dd9c3925b7bea30,号***投资,c8df2d61769c9b968a8a5ed403e50c35,2013/7/10,4
19c6cea1e85648ca91fcfdb2b011a5e8,**湾,3651c9eeced5d078d2f4807bdf8a6079,2015/1/11,2
19c6cea1e85648ca91fcfdb2b011a5e8,**湾,3651c9eeced5d078d2f4807bdf8a6079,2015/12/23,2
19e53e76b64246c29b7b3363d01843f8,金***资产,f467d612619e9b5e2cb2a3724c02be36,2004/8/6,2
1a1613da19354ea9a36441ccb79c88b1,深***基金,d58de7f870f40b5848a44a7934043123,2016/2/24,4
1a4bd6b27de04faf8676710ff3fce1d3,湖***资本,9dbb50deb199ab7cea9e883923e0851e,2015/10/9,3
1b0a0cbaf06d4640a942a1748ea56b76,**投资,a9cd3f2aa3658c88aa652813f348604d,2012/2/8,2
1b91cf0f3d0347b69783c001bb923229,**汇,8ed1cd18bf0420ecba0a21c201b8ccbe,2016/1/12,2
1c43dda1de81495db7c4ada906f83ee7,天使*****加速器,fd4c9c47cdbaf6f374122117096f9f93,2015/3/24,3
1c43dda1de81495db7c4ada906f83ee7,英***基金,59c9033a8d3a774c64c7504df6102b8f,2015/3/24,1
1c43dda1de81495db7c4ada906f83ee7,梧***本,6a3d2ebe556897b9a0d85609a3c3f60b,2015/3/24,3
1c43dda1de81495db7c4ada906f83ee7,**资本,9587e0f23ced2b269c891e2d9315f4c6,2015/3/24,3
1c43dda1de81495db7c4ada906f83ee7,北京*****技投资,575f9e961f15a1c369ad2e7ab50daa6e,2015/3/24,3
1c43dda1de81495db7c4ada906f83ee7,**影视,61158955583277b9b256c4fcedc13708,2016/5/24,3
1c85b33b13a144d98d83a9c244d53444,阿***本,d93c59517445b2d9f36825496ebbd4c3,2013/1/6,2
1c85b33b13a144d98d83a9c244d53444,阿***本,d93c59517445b2d9f36825496ebbd4c3,2013/8/21,2
1c85b33b13a144d98d83a9c244d53444,**控股,5b8f18edc4be0ae8a45d42ff6bfad351,2014/9/15,4
1c85b33b13a144d98d83a9c244d53444,**资本,bede86112a60c79da91c34685b9426c1,2015/9/30,3
1cf4c3c69c0f4460ac0fcc6b46010daa,江***投资,7d19be9526cfe6461705bcaf3a777da2,2005/12/27,3
1e1fe60b18fa4f26a0bddf8f6d0f86c2,**资本,6b53ece9b2a42525483c5ef522f0fcc1,2009/2/25,2
1e5a58824f344e58ac2ade8cd0e34cf0,杭***投资,1e715d1ba7b92eb4f026463a31808895,2014/2/28,3
1e5a58824f344e58ac2ade8cd0e34cf0,**湾,3651c9eeced5d078d2f4807bdf8a6079,2014/12/5,2
1f382eea9ef44edb9cb8682ba1738834,上***投资,d0f5d6ceecf947f132a4c22468422b50,2016/6/28,4
1fbb510681f745f8b08905b220d165d7,东***集团,a2137f7f58695c556de9819f23eb370b,2016/4/25,3
1fe10976243c4eb995aeda3826124cef,神***投资,16bd945d5d9b84a213d6ee042ed7178f,2015/6/2,3
1fea03050e1c436c9a0c2a3928325d98,上***投资,626ea21c25d250dd7f780b918b910b60,2011/1/7,4
2029cc2afc384e6da1ce00f2f013a102,湖北****资集团,4b63637499a09c5830176d9f68295a59,2014/3/6,3
20a9e351ac934e3eaa748267757863ed,50*******ups,83f437820d9139c3d6922d95c4bfd8ec,2014/11/26,3
20cb779612a84066a2e0bd224cb49cd5,中关**业投资,ec7b42769344dc394962afc4b269a3be,2012/8/28,2
20cb779612a84066a2e0bd224cb49cd5,北京***鼎投资,8250ba1831ede09bfb8945216bb1fcc5,2012/8/28,3
20e7c387dd5b4af18806a269d7ee8e6d,**共创,8aafdb56f89ae44d87dc94dc17d275f6,2016/5/1,3
20e7c387dd5b4af18806a269d7ee8e6d,冷笑****共创）,e4430c71803f87390d0e95a6153b45a5,2016/5/1,4
212a3bbfd68444b09d46f0c25e20948d,**伟业,728e416f7297904f2c391b946ba1a25f,2014/12/18,1
21d797e9f1914d27b9f1edd2178f228b,西***投资,5740567de366a6b2f2fb1e9c8532436d,2012/4/27,3
2221a0fe3a6e4f1fa43d7df64ae1512e,**创投,488157fae52f78152d3142275b1a8848,2014/9/12,3
2221a0fe3a6e4f1fa43d7df64ae1512e,杭州***业投资,4a432d3243802eb8d1359313de79f8b4,2014/9/12,3
22355b40e6c04f069c640cda5d320ef6,西***投资,5740567de366a6b2f2fb1e9c8532436d,2009/8/11,3
224eb557f5ed45e2831baecdaea82656,杭州***权投资,e092b88c5c50195262b41d8149a41e27,2016/1/8,3
22653c47ddfe4ce9bce0f963d2b5e22a,力***集团,d69cf55315b612f5df75db734cb5093a,2015/12/22,2
22905deba7514cf1b4dcbc3dee048286,**投资,dd327b240c6f5a1b0342f50d6a5675f4,2015/12/15,2
2291f17874b444bcb91f7a46ae713150,**资本,d51b2cef70a3becf3912f128806d6ca6,2015/8/25,3
22b4f20f84094d51876c66e971145fc3,天使**人王刚,70a89afe30f3cea859213629fc6af4c6,2015/1/10,3
22bd6f65799d40b0a248ff6f719edb24,**投资,fe6d1aff4480ca5d80afb4ad80e3572a,2014/5/8,4
22eea9a2e6bf4f61bec3220ac0389dca,极***投,b2935be3ed845c2c653ed62ede08e9e4,2014/12/24,2
22eea9a2e6bf4f61bec3220ac0389dca,飞马***飞马旅,cb2228d727774a9098eb207641e06818,2015/8/7,2
23523fd221f647af9242f47c961bf846,深圳**和投资,214d3e950b468c555d5afac2d5c516cc,2016/2/23,3
23a8447e6bf74b5699d32a8c772f24e7,Ta**********云天下,75f4dc723ea3a3199f5d2f2ed632a065,2015/3/17,3
23daf593808741239f58bea854dee90a,**信托,3ac2e50a864bc38ddadbd878f8558ece,1998/12/23,3
248c3f088b3a4d3fa6c583687dc013e6,绿***集团,2c1992a5853060e5c74c01739cf4bbbe,2016/5/24,3
24b70b85abb04d3596cf2d7fc9c65705,武***创投,be35389497dfeaee9d205de78ebff50b,2016/1/6,3
2509aecefd36449393b81a6036033d2c,**网,e80ba130d87afaed49974c3615ad9af2,2014/9/17,4
2509aecefd36449393b81a6036033d2c,上***资本,af352274dd84a8e3905e9eb0322c9436,2015/1/16,3
25e4e458653d4d2582f2d606b3b4e25a,极***投,b2935be3ed845c2c653ed62ede08e9e4,2015/4/16,2
25e4e458653d4d2582f2d606b3b4e25a,宁波**点投资,97f49051b3765d005d8f122d8f1189f7,2015/11/16,3
25e4e458653d4d2582f2d606b3b4e25a,北京******业投资,ec4ec4f3af201d454987872bb19cb424,2015/11/16,3
25e4e458653d4d2582f2d606b3b4e25a,引***本,848ada6b993f8fadaf556a8e2d2b60c8,2015/11/16,3
25e4e458653d4d2582f2d606b3b4e25a,极***投,b2935be3ed845c2c653ed62ede08e9e4,2015/11/16,2
25ebe9ee669942969b5a1fc7baba16a4,UC****视科技,00c4d18d53a8c7ae1da3a64f7f933865,2014/3/1,3
25fe8cd4bc974cc0ad3a3caa8a9fc565,国家***资集团,4592b10cc3762190358a7404228470e3,1995/9/18,2
260db1a4f447452fb2786a04e8eb1027,**创投,b2f746de609c0d98744d3261a889d454,2014/11/20,3
26cf1fa70bc14aa59a0611436d8e0290,国***投资,e8d5ef00157bce84c21798c05cddb262,2015/12/23,2
26f044b04d154fb58f7e02356ae4658b,万***资,f021853cac03474f4c16f2ab423ed268,2003/5/16,4
2757f754c7f041c79b223d57c7b5b6dc,**创投,3919d6cdb033916260dc2f2648a13101,2015/6/1,4
27676776938e46458dd4b63576f4c7aa,安徽***益投资,8881b5073965310ca13f2cb50d4da46d,2015/12/4,3
2776f49376354aed96a5a5583acc80f9,**湾,3651c9eeced5d078d2f4807bdf8a6079,2015/9/9,2
2833fbfa757a4d7cb2b00bee3351c372,武***投资,40cb083617dd4c7fd5b112f06422acf0,2015/12/17,3
28d64b2f7d7c45cf965295296f6fd37e,**投资,16dd796b7c3660fcb75376a170f3c745,2016/3/8,4
2965dcb2c6094189b16a18308d7665c4,中鼎*****）投资,8ea7595f63acfcd1370916a73dab6327,2016/6/1,3
29bb8c8e1ac7474fa84cd7c10c3ca33a,**资本,3ceec50676d5f25aa9ac6c0b1167d566,2015/7/28,2
29bb8c8e1ac7474fa84cd7c10c3ca33a,**创投,a2edbc8192a173c768c8b115ea73f59c,2016/6/6,3
29d915242a3a4df5be77f71481403d93,江苏***富投资,723cdbd119c1daa09271eb179e80c365,2006/11/13,3
29fc6fff043c402da68467e59792622c,快钱*****融服务,6538caf56c2142632219eba1e9ac5ad1,2016/1/26,4
2a11a6caa12c477f98793d3ac585bfab,**创星,820bd78adaeecb62d4e0df7b169aaca2,2014/8/6,2
2a11a6caa12c477f98793d3ac585bfab,观天*******基金）,1e03e8c2a04b7b406f953b33f111d9b2,2016/1/4,3
2a11a6caa12c477f98793d3ac585bfab,**创星,820bd78adaeecb62d4e0df7b169aaca2,2016/1/4,2
2a11a6caa12c477f98793d3ac585bfab,德联*****运通）,cddc86a1f75b82f46c2d5ac827d55fe0,2016/6/24,3
2a11a6caa12c477f98793d3ac585bfab,**创星,820bd78adaeecb62d4e0df7b169aaca2,2016/6/24,2
2aa1c6c8146c49c18310b61585dd5dbf,Pr***gel,53b634dadf1a3434c7c6b60013aa5ca2,2016/5/27,2
2ad42b6a36054afe82b6629c488c35df,**创投,e4c627fba0cf845d04d3a6a9250d6687,2014/12/4,3
2ad42b6a36054afe82b6629c488c35df,北***投,e593a7bca1c66b2aa9b3a10f74f41dfa,2014/12/4,2
2afef1ddacb1423ca9cdb3a3413d408f,天津***技投资,3e35070ae720a2646dbf651e3e817c80,2001/7/31,3
2b1d2b9957244b57a4d2103678b1ed29,上***投资,07a1114c6e88ea253c7805ca3ca52c46,2016/2/5,4
2b1d2b9957244b57a4d2103678b1ed29,**资本,7ca747eb3c6f0cf02a24ae00c34bb8a9,2016/2/5,3
2c109007987e458d88b80010496b40f9,云南***权投资,b0eb9e6a8f8c373b936cf19d697e5dfd,2014/11/21,4
2c91e58e37c34f17922bb7c8f19562be,**投资,9bc36e45ffc079910e92a5c3f1655b54,2015/8/6,3
2c91e58e37c34f17922bb7c8f19562be,**基金,566d01cc877065e1d6ec824e68ff7446,2015/8/6,2
2c91e58e37c34f17922bb7c8f19562be,**资本,74d78c69c4b12d2f5987119a143afb1e,2015/8/6,3
2d42940cee96400ba3f5744be7226c7f,亦***基金,99b2b0e22374c4ee096a514dd3333032,2015/11/25,3
2d42940cee96400ba3f5744be7226c7f,北京***云投资,f11eae94912cfd1cf849ab4e183f844a,2015/11/25,3
2e083c1e437646259e802641cf29e45f,**资本,db9a0d787b86bd88d75477074522cd18,2015/4/3,3
2ed247686b7f4959b614cc523e92585a,光***信托,bb2906725d4c1178731b0bd865bc58d6,2014/12/18,3
2f2df782bd724fb6b8a93187840b1c64,积***投资,bc8cb40174b599f9490fb31e52f004eb,2015/7/16,3
2f495d2050134d0496d8d307b077cadd,北京****技中心,67aa135e4dfa8fe0b2cd86264365cb65,2014/6/16,4
2f9e0d6040704d0ebe973f72e4d4bdab,**互联,6dbe42ebf81f401b0a5d69931f202f78,2015/10/27,2
2fbb0f14566d41f184a85541fe60438f,西***控股,b8ba47d2f5e8435eba81ea2b25a0a3ae,2011/9/14,3
2fbb0f14566d41f184a85541fe60438f,漳***投资,f8ae8a105c3e1bad7f03e7ccef2dee06,2011/9/14,3
300cb5d5127640a8b083f045c810bb06,**投资,07c4e1cf3b6062dd15f27ff6353081ed,2012/7/30,2
306f80f0284542df95e6b1710fd69b2f,湖北******业投资,45bf710d871498146fa81f4051f01b6e,2016/3/16,3
31086ced71054e5e8d88e4b9294ce386,肇庆******业投资,9c220a0c515079712cf00a81d7e58961,1981/6/23,3
31a4a02a0a6b46dc9a51a9c7cff4ecf0,**资本,efa7bbd5c9505871ff87f065655eb4a2,2015/12/8,3
31a4a02a0a6b46dc9a51a9c7cff4ecf0,**投,b3135eaa1956ef048138dd49c644c8c4,2015/12/8,3
31a4a02a0a6b46dc9a51a9c7cff4ecf0,杭***投资,42aed9b6e9503b7a345d38a3a4fb71f7,2015/12/8,3
31a4a02a0a6b46dc9a51a9c7cff4ecf0,**科技,944f6bb178802ed162e24ec718e02abe,2015/12/8,4
31a4a02a0a6b46dc9a51a9c7cff4ecf0,**创投,8f6c9ffc3ab71ea79c120300ea11c8ea,2015/12/8,3
31a4a02a0a6b46dc9a51a9c7cff4ecf0,神***投资,0056200212a6ce48d679404c5dcd34c1,2015/12/8,3
31a4a02a0a6b46dc9a51a9c7cff4ecf0,**资本,efa7bbd5c9505871ff87f065655eb4a2,2016/6/14,3
31a4a02a0a6b46dc9a51a9c7cff4ecf0,神***投资,0056200212a6ce48d679404c5dcd34c1,2016/6/14,3
31a4a02a0a6b46dc9a51a9c7cff4ecf0,**投资,07c4e1cf3b6062dd15f27ff6353081ed,2016/6/14,2
31aab61ab3c94955b84fa1d3de234b29,**资本,f8f70c277e47178863e8ba41c6fd294a,2014/7/1,3
31aab61ab3c94955b84fa1d3de234b29,北京***泉投资,83bd1267bec9b70890449436400d119a,2016/5/19,4
3214929b90bc485eb5b1605c862db9d4,浙***资本,82fd70a7e41d1db7a4a36d677fe18f24,2014/1/15,3
3214929b90bc485eb5b1605c862db9d4,**资本,932379b113d31da75822f97c6d000b94,2015/9/1,3
3214929b90bc485eb5b1605c862db9d4,**资本,dcf5a1790da8d74944c2731447960a81,2016/3/1,3
3214929b90bc485eb5b1605c862db9d4,**资本,932379b113d31da75822f97c6d000b94,2016/3/1,3
3272ee00692a4076849c48b16335d1e2,融汇******权投资,69c5c9351531174b3b77f5892a46d084,2011/11/9,4
3272ee00692a4076849c48b16335d1e2,**尼迪,e3f850284fd38c0733c9d059be929de8,2012/3/31,3
32770ae8c8634ead88a92a5a0687d122,**汇,8ed1cd18bf0420ecba0a21c201b8ccbe,2015/8/5,2
32770ae8c8634ead88a92a5a0687d122,**天使,411742954ebc67d42651178280ebb301,2016/2/6,3
32770ae8c8634ead88a92a5a0687d122,**投资,afbfaaa2b391de2ed3f82af398c92b6e,2016/2/6,2
32770ae8c8634ead88a92a5a0687d122,**汇,8ed1cd18bf0420ecba0a21c201b8ccbe,2016/2/6,2
32ce9b1aa8334fa4aa9fd451eb9c3452,深圳***细投资,b110820cfdefd413ea68c03c8fc46cb5,2016/1/18,3
33545657cb484cd18cdd2bee8759be53,**资本,7d70a3c9fb361f5d2c147352a82ded59,2015/2/16,3
33d0ef6b05f94328aec3759654d15e7f,合***投资,113bf9ff3e00adab3814c150d300edf3,2015/6/12,3
345b8018d5fb4011b6f4849aab24ed15,湖北******业投资,45bf710d871498146fa81f4051f01b6e,2015/8/13,3
34ba954f30074b41bc7c8f9c438d8470,上***科技,99f248478a75fb0663c5979783bd437c,2015/7/6,3
3555066d20b7471a970aa9029cd2bfd1,**投资,a9cd3f2aa3658c88aa652813f348604d,2016/4/22,2
3555066d20b7471a970aa9029cd2bfd1,**投资,7652fa446590171b6f7c4df1c99f8315,2016/4/22,2
3555066d20b7471a970aa9029cd2bfd1,金***资,8ce066f5fa659c2939fa0cdcae4f5953,2016/4/22,3
35650cc0e1a3436e99fcd2353ea96e9a,银***资,b28e6ff601f3e76ee2b4644cd6fa11ab,2014/10/8,2
35650cc0e1a3436e99fcd2353ea96e9a,**湾,3651c9eeced5d078d2f4807bdf8a6079,2014/10/8,2
35650cc0e1a3436e99fcd2353ea96e9a,银***资,b28e6ff601f3e76ee2b4644cd6fa11ab,2015/10/28,2
35650cc0e1a3436e99fcd2353ea96e9a,**湾,3651c9eeced5d078d2f4807bdf8a6079,2015/10/28,2
35650cc0e1a3436e99fcd2353ea96e9a,**科发,cc8af06d31dc64a271002fc8334321c7,2015/10/28,3
36b07deb57c34f68b876718ea5e659e7,北京***鼎投资,8250ba1831ede09bfb8945216bb1fcc5,2015/2/9,3
37464cfc7c234e8a96efcb128509a54c,厦农****）资产,dafc71a529179c75b9e1cd7b6a31fd9e,1997/3/17,3
395508811b7e442688cdfe747c238f63,北京***云投资,f11eae94912cfd1cf849ab4e183f844a,2013/6/13,3
39adbea2fbd74a258dd80289dd8d0ac1,飞马***飞马旅,cb2228d727774a9098eb207641e06818,2016/5/9,2
39b6cc75f94b49d2ad7f10a18373e82d,完***投资,acf071b08075fecf814d8e4ef084cffd,2014/4/10,3
3ad4b490a61f41869e3ecf274b85d4c6,**资本,72bd0b395c12944eca9e179371b399a3,2015/8/26,3
3ad4b490a61f41869e3ecf274b85d4c6,杭州***盛投资,aa4b0d51f8b205387eb293a6cbcba25d,2016/1/12,3
3ad4b490a61f41869e3ecf274b85d4c6,**资本,1a4a03abcbf899d3985dda059ae64fa3,2016/1/12,4
3ad4b490a61f41869e3ecf274b85d4c6,**基金,9bdc75c2cf3e336c9f20bdb7fa761ed4,2016/1/12,4
3adb681f4ae74614a2c31055e2581adf,**资本,5aee7dbc925756ab0c419faeb4b5146a,2016/4/29,3
3b21807018df4bf58ae0826cbb072906,**智能,2f56480227b7e87a9c9071982f8f3309,2014/7/17,3
3c1088295e454ed5ac1ac8a4908accac,洛***资,7b31a292ae7c983b3efbdedbbdf28e9c,2016/2/16,3
3c14195be17f443198486daf6697b08d,北***投资,f3a4a35bcb3f94258d5019f96fd26e0c,2015/11/2,4
3c299c96f7aa4a2997fb915ff4005fa1,**创投,2cd10942ad1a1739ab5b4119a1b80688,2016/3/22,3
3cc094b6ce3844f795fff92fd8e38707,**投资,0d3f6979b922dc9ede68e3a12c29afd2,2014/7/7,3
3cc094b6ce3844f795fff92fd8e38707,**基金,566d01cc877065e1d6ec824e68ff7446,2015/7/1,2
3cc094b6ce3844f795fff92fd8e38707,**投资,9bc36e45ffc079910e92a5c3f1655b54,2016/1/18,3
3cf0d26902e841e2bc1a512cb2e8d33b,杭***集团,91893c15b930ab89ff88794cea105c2a,2009/10/21,3
3d398274988f49e38a6b83fa9a44c8ea,比特*********.PE,b9f4c9b99090a6e5960f6e002d8141ab,2014/4/30,3
3d398274988f49e38a6b83fa9a44c8ea,Ta**********云天下,75f4dc723ea3a3199f5d2f2ed632a065,2014/10/24,3
3db98fb4c8874eae9ce30d856e2c7fb7,西***投资,51455c0102cb6e76646a6163a12320ed,2015/8/11,4
3dc912cace244714bab79ef63f86c244,**科技,5e51bd12e9aa65ff3dab96110bda3bda,2013/8/2,2
3dc912cace244714bab79ef63f86c244,宁波**点投资,97f49051b3765d005d8f122d8f1189f7,2013/8/2,3
3e84e0394dfd42a98316c8b47fc1f9e8,江***投资,7d19be9526cfe6461705bcaf3a777da2,2004/10/9,3
3eb190dd25564b8ebb4c93980350181f,深圳***下投资,04c14feab1471ba711e12b135d65ce80,2014/12/17,4
3f6f34634c25404394415c30def26f9b,舟山*********伴投资,1bb178fbe3c2a061d42a8b65bc1dd60a,2015/3/9,4
4032d93c74d54b4ba9adb514e51539db,**投资,fb124ddb97323eb451a7c38cec936822,2011/7/6,3
40455756d51f41f788e2331cd23d7f89,**资本,7d70a3c9fb361f5d2c147352a82ded59,2015/12/9,3
405f94cdc47245a4b7e7fa8b37d188ad,**资本,0400216ff42aa7240c5816291bc08ca9,2015/6/19,3
40bb4e11e37347819eb8ba880477e713,上***投资,cb2889af429f133320edf269a76ecc86,,3
419076c7b5f149e7923be2d3120eb08a,T***投,159e222b77055d3edda8d369b130f905,2014/3/9,3
419076c7b5f149e7923be2d3120eb08a,合肥**有资产,a78f4d0cbe549f3c8a427ec11280c678,2015/12/1,3
419076c7b5f149e7923be2d3120eb08a,**创投,272dd60ce149929d9f0121ded8297ce3,2015/12/1,4
41c6cbb749f34294905300105153ec13,阳光****源集团,08b2b7fe5a3ae34b6c0b2658ff753350,2014/11/5,4
41e50f15ed344e0ca93444ce11ae1bf3,济南***险投资,7801f97e3eb3335db33db5a65a3937b5,2015/5/25,3
41f3139a8c574729bdb195aad7914643,**投资,0941a03486c2e760648fc0d177917fcc,2015/5/19,3
43a8b30a22d0459f9542f4eb341f2d3c,吉林******权投资,b5d78d651bdcd056eb9f476d1c4f64fe,2014/8/15,4
4577f76fb99346c7af24d144f972aaa3,通***投资,56f5895b4e6908e533ed02af720e3a5b,2013/5/3,3
46f854efd43f42c884ee030b63a43313,**资本,455d122a4a47a705445672a2d0b63383,2015/7/15,2
46f854efd43f42c884ee030b63a43313,**资本,455d122a4a47a705445672a2d0b63383,2015/12/8,2
4711e067e8d64e3480d99c0de16c0155,*扑,36fdf2416dc427a6feb5f0566eae6a2a,2015/4/3,4
4711e067e8d64e3480d99c0de16c0155,**资本,94c2d69601461697fc8b8ac2b6521b0f,2016/6/13,3
4895bf8c230341a0a7c0eb71f65223b0,**天使,3324be46bb930082ec8efc72dc93389e,2015/5/7,3
4895bf8c230341a0a7c0eb71f65223b0,**投资,b343a0dd15f570b14d77bff27d2d1db7,2015/9/9,3
4895bf8c230341a0a7c0eb71f65223b0,北京***德投资,eaaaa08258a15f112f816fbbecfa7d59,2015/9/9,4
4928ab945f234a13a0ed0aab337fb8fd,恒***投资,02d6977e861e3e7c36bb8668b07d2c34,2016/4/8,3
49469e00704740bea10967b96789fae8,阿***本,d93c59517445b2d9f36825496ebbd4c3,2016/3/8,2
495edc5bdd3b40e696e56b802aadf69c,康***资,ed7d17b2061e48306b7a181512d079df,2015/9/23,3
497568c9ff7540a8bc00fc0448045975,常州***资集团,55508706d96d4b3470396753acc4a72f,2010/6/10,2
497568c9ff7540a8bc00fc0448045975,**投资,15928231bf87a55b3511a0399c78cca3,2014/8/7,3
497568c9ff7540a8bc00fc0448045975,**投资,15928231bf87a55b3511a0399c78cca3,2015/12/9,3
49e7a2e842d1413996c09f984a462f0d,**互联,6dbe42ebf81f401b0a5d69931f202f78,2015/10/21,2
49ea248422094a3daf3462d3d31f2188,上***投资,d1dd1cdf30ff01967041a1401b4b4ad1,2016/6/29,3
4a5df341321f407db7ba3a13c3705546,**投资,9fa1c4b7e54dbd13d9bc013ab691b05f,2015/7/10,4
4a5df341321f407db7ba3a13c3705546,乐***集团,574a8683414665480ae4d6c950145db3,2015/7/10,3
4ab06870d7b84bccbc7e152637f76937,海***投资,5c5371bcc6f4273af49a6a5e274d6607,2012/11/8,3
4ab375e72a9b49719b9968f721443718,**文化,8be55a2d5c9c8945f0dac2cd37968545,2016/4/15,3
4c8f219fab144bd69493a4398380e83e,**招商,0ce892cdd2d4b8d99226e65daca70ed0,2015/8/31,1
4d446808372046b3b04502ff799c1f45,上***创投,a04db912089726250d239cf086769a24,2008/10/23,3
4d446808372046b3b04502ff799c1f45,**创投,26b94e319f955867486933184c12bc59,2011/8/1,3
4d446808372046b3b04502ff799c1f45,上海**桥资产,4d7caea06cce037fadc6f1e2e127184d,2015/3/4,3
4d7907097d864f2bb71c143b666ee933,**大陆,51ebbb65e337b06b6f21ffe1b9e8274e,2016/3/18,3
4d903a3e13234c94b27d1f65af668d6e,上海***权投资,37630f878f1a188b1a9bc649e6bdbcf7,2015/7/1,3
4da906c939c143219f8b889c3b24c989,Pr***gel,53b634dadf1a3434c7c6b60013aa5ca2,2012/7/1,2
4da906c939c143219f8b889c3b24c989,Pr***gel,53b634dadf1a3434c7c6b60013aa5ca2,2014/9/12,2
4dfab2bf966147038971310be9a25b56,**资本,73a807b7be96f6c7317c58d693d48cdd,2015/7/24,4
4e1223cf04524b0f8f9d8271d30a4dff,Pr***gel,53b634dadf1a3434c7c6b60013aa5ca2,2016/6/1,2
4e3cdc4bfd0f45c8ad9037e49d024732,**资本,73d5e2f2ecab7b7695ef11dbf65df25d,2015/6/10,3
4e3cdc4bfd0f45c8ad9037e49d024732,**资本,73d5e2f2ecab7b7695ef11dbf65df25d,2015/11/20,3
4e3cdc4bfd0f45c8ad9037e49d024732,**精密,26be862b115d14ac3a59279579d1e385,2016/4/13,4
4e3cdc4bfd0f45c8ad9037e49d024732,立***投资,458325a8e00177ada2e2bd294f23865b,2016/4/13,4
4fb6d185d86c4bcab013b58ed22dc3a7,深***集团,72c252be04bd44ea81c7db50fec43418,1997/12/1,3
5043d5e5530e4ccdb519ec541900b394,南京**衡投资,c3ab5e0adbe12b2e2772d67e48941057,2015/10/21,4
5049baa8abdf480fb61c476ef13bd09c,青***集团,a09d5cdeccd50901fea3e11f91a27184,2013/12/13,4
50fed1af0d6d4b898dc4885da922a3a2,**创投,0548c1cc454f0c2e4e9ed1569a2c12da,2016/6/16,3
51127dced7f241579a11cd7b19a2c63a,**集团,b89b1201684d103d3c5cebf26a16680a,2009/3/30,3
51127dced7f241579a11cd7b19a2c63a,**投资,ca0b0120aa30510f7e84f2ab193057e2,2011/7/18,4
513258b53eed409c8b911978fe022867,今***投资,11dec71e0f50de195ade5c44570f8606,2015/12/1,3
513258b53eed409c8b911978fe022867,*浪,62a3c7ee758a52d906d78372d1abbfbb,2015/12/1,2
52583bea34fb47a9bc666eebf41a10ae,天津**路投资,65fc169547a969a5b45c8a1215d22aa4,2015/1/9,4
52583bea34fb47a9bc666eebf41a10ae,天津**路投资,65fc169547a969a5b45c8a1215d22aa4,2015/8/9,4
52589e03bd09453b9e4acb370e36dab0,胜***投资,2fb8475a638cca2e2f3e18cdd3fcc168,2012/11/23,3
538e52aeef344922a5f72416ef3fe993,**资本,9587e0f23ced2b269c891e2d9315f4c6,2015/1/30,3
538e52aeef344922a5f72416ef3fe993,**资本,9587e0f23ced2b269c891e2d9315f4c6,2015/12/31,3
53995f2690614fac8aab2fb1a8d6a2ec,合肥**有资产,a78f4d0cbe549f3c8a427ec11280c678,2015/10/23,3
53ac9f0df9364640b86575563e72aab7,华***投资,abe425ed9d2b672c980baad04ea0c68f,2016/2/18,3
544b223dde544c688c440a4b3b8f7e08,Wi*********曦投资,fda92e4774724e1a2a42a36b97dcc252,2015/8/16,3
54cb4664380f46d1989d8c170337376d,深圳********业投资,a67c608e181d0bf6b22f18031ae29c55,2014/6/23,3
54cb4664380f46d1989d8c170337376d,**投资,19bb9fa7b94165f41714c46035a6cfd6,2014/6/23,3
54d185f853e14b9d963f0b19fd15fd9d,嘉兴***业投资,5f6658db6dd429402c8e332728f31cd4,2014/9/28,3
5518cef919124c249f7169a12eb320ae,**基金,851c420eaa0a635983b5910ed8f42406,2016/5/30,3
5557ac265d27451ab916e9944de25f4e,**资本,f3bc8e669352fd0aa0e7619ecaf7847d,2014/10/28,3
55c7176fe322493d8ef481a65862314e,中国***业集团,089f6bfa6b52f346f97d9b740c60c76e,2010/10/19,3
5652caec10394648936060681bc9683a,上海***权投资,94bfd76ee09e5cc50bb42f67600f97d2,2015/2/6,3
5652caec10394648936060681bc9683a,**投资,a9cd3f2aa3658c88aa652813f348604d,2015/8/17,2
5652caec10394648936060681bc9683a,**投资,a9cd3f2aa3658c88aa652813f348604d,2016/1/29,2
56c4fced274848e295abfe3859954ff7,盐城********限公司,a2a1a36204d516d09af883bb25c02a8c,2015/8/25,4
5707d4807d9c4aac9100f4d780e64b65,安徽***益投资,8881b5073965310ca13f2cb50d4da46d,2015/7/27,3
57b98d3e78b34225bd8f8975f55f3088,星***投资,a697d5b3095edf816343ea31eb21fd14,2015/8/11,4
57cf7eb28ca5493a84f0ce66d04b5338,**投资,df7f196b639b132a35c8caede92dad00,2015/10/15,3
57ea47529d0a487c9eaa047923bf86a9,赫***投资,be7f095b2d72f2ce6c9282aa4c166195,2013/9/10,3
57eb8be3f39b45e297faac8d61f27d3e,莱***投资,6f78e7f118cded9197b3db03b5ac1ba7,2015/6/25,3
5860f29a457a4845bd978e3a146e2d1f,北京***创投资,b75bd71c17b042396343a146e11cd14a,2014/6/4,3
58e45378be254a6598f0ba12d734f845,杭州**场投资,461189308732ad3ee59c8b94f32d305e,2015/10/16,3
58e45378be254a6598f0ba12d734f845,**投资,df7f196b639b132a35c8caede92dad00,2015/10/16,3
5935ed5439d64b58ba0050f0e2a9ffb2,深圳*******研投资,7d1e730299d59aac43257ee05dc9b708,2005/7/4,4
5935ed5439d64b58ba0050f0e2a9ffb2,**资本,16a7c581e28cde25545577eb1aa4a702,2015/2/16,3
5991cbdf7b8b4f4bbc20a74717e8d6a2,加***投资,dcb28d260a57750b228f768189034bd3,2015/10/22,4
5a22b9138c3c4c46ae130855fff39bf8,ON********res,b7856e46e36122674a2221d63a1496fa,2016/3/25,3
5a22b9138c3c4c46ae130855fff39bf8,**资本,1bad595479496e49682386bca63ea8f2,2016/3/25,3
5b0b5ee4a6e74b459dcc2172845cacef,常州***资集团,55508706d96d4b3470396753acc4a72f,2012/12/13,2
5b27d1ca3d6a4e9db91321770f283b53,**资本,07aff73d3c7affe93ab8755ae80c7ab7,2016/1/1,3
5b9f82f7743943edbdaf09b76645327e,**投资,27da1e6fe59ec27439be7482883394b9,2016/6/28,3
5c4a8a3420154b3ab05f416421c3f8dc,北京***阳教育,cbaa0ce4a9fa74afd2967e907093c3f3,2015/8/27,3
5c4a8a3420154b3ab05f416421c3f8dc,好未***而思）,752d2b782f5c49e2f6f06ee6d772dc62,2015/8/27,3
5c87023e2c0d4e5795c7116512bc1467,上***资产,5f3081d8b711cc48d11ea062f3f63915,2015/8/21,4
5c87023e2c0d4e5795c7116512bc1467,**房产,ca0ffe5fe1b4bc283b603c3ba521984a,2015/8/21,3
5dc51c5f0bd34d8a993595cd91dac393,**创投,309af5de9a027698b0fb02980f906a64,2015/8/3,3
5dc51c5f0bd34d8a993595cd91dac393,**创投,083afa31296eb6014d215aeebc9fae36,2015/8/3,3
5dc51c5f0bd34d8a993595cd91dac393,**资本,72bd0b395c12944eca9e179371b399a3,2016/1/27,3
5dc51c5f0bd34d8a993595cd91dac393,**创投,083afa31296eb6014d215aeebc9fae36,2016/1/27,3
5deb3af56c2641fcbb692844b9bcfe19,**永宣,1c655fa1c5703a12533e2de443cdd347,2014/1/1,1
5deb3af56c2641fcbb692844b9bcfe19,**永宣,1c655fa1c5703a12533e2de443cdd347,2015/12/30,1
5f0a572751e048f39e208c4c9a866923,**创投,e6fda48a7e37618e138758e2b94dca20,2015/4/27,3
5f9012e042954b2785573aa681271231,**资本,94c2d69601461697fc8b8ac2b6521b0f,2015/7/29,3
5f9012e042954b2785573aa681271231,**君创,591e42ba04a7bbe6433898b7ae85f390,2016/4/12,3
61466200b9024fa0ad02b916ab5bc4c0,**控股,9a4ff353ee11f41aedb9e6c31504dca7,2015/4/8,4
6160db3e610b4986a90f4ed270d4a5ee,**投资,5dd8479ef22aad893940528288d559d0,2015/7/8,3
61b8999e9210438aa2d876d055137af2,蓝海****）基金,5949bb9ba5f9842c4501a065f320e2a8,2015/5/22,4
61b8999e9210438aa2d876d055137af2,**资本,73d5e2f2ecab7b7695ef11dbf65df25d,2015/10/23,3
61b8999e9210438aa2d876d055137af2,**创投,8d78544a83d5e4eb19f40263b0ee587b,2016/5/25,1
61b8999e9210438aa2d876d055137af2,**资本,2cae42488ce8378abebc628d7296bb8a,2016/5/25,4
622a5a3d0268476f89f6b45612cce382,**汇,8ed1cd18bf0420ecba0a21c201b8ccbe,2015/12/31,2
6251035432b348feaf6949bdf0e17a9b,江***控股,1779da3c8cf0c7b1dcbaec132a855254,2002/10/17,3
6326acd94afa4c0590ea65e9e7d59ebe,**国发,9d6cbc2f7af5e517dc5dfa1aac1fbd5b,2003/3/26,2
6326acd94afa4c0590ea65e9e7d59ebe,**集团,5be0c02901c4cc26867cfbd4945ee0dd,2003/3/26,3
6398c1f406854a1293c9af14afc18047,浙江***成投资,1044ea247e744c9212cbbc33c8f59412,2016/2/14,4
63dcf5d76cc54646a5a114d21d1d5e0b,**基金,b1647d493f5eed30952f9312b610652a,2013/9/3,2
641589b47f3d4afca31cebaa8ef59992,天使**人王刚,70a89afe30f3cea859213629fc6af4c6,2016/3/15,3
641589b47f3d4afca31cebaa8ef59992,**资本,0400216ff42aa7240c5816291bc08ca9,2016/3/15,3
6462c6e60ccf41b9bcd6a72701fb93b1,同***投资,d15fc198099eae4e2bbcdf0cf5ddae85,2016/2/16,3
6584bfeff7d94db3ae9a6e65c495ca42,全***投资,55589752d67c9d51719530b5346e869a,2014/11/26,4
65c4d0860bb84b229a812ee03ff74ecd,**接力,7510ac14ecac18d1b698048e0f9e6fe2,2010/8/16,2
6619eff65eaa4f19a0d537dc21b1e0ad,杭***创投,0b849948b31b6abe7cb591ae89eed579,2014/8/4,4
6619eff65eaa4f19a0d537dc21b1e0ad,嘉兴***业投资,5f6658db6dd429402c8e332728f31cd4,2014/8/4,3
6713c0b94c464a649ea4702455988da3,济南***险投资,7801f97e3eb3335db33db5a65a3937b5,2015/6/19,3
6713c0b94c464a649ea4702455988da3,济***创投,1c5e641d144367899b9c6971e159f00e,2016/5/24,4
6763d9145a9f4880916e92f6cfb556a4,上***投资,525506bb171d895871a734f66bf7a59a,2013/11/7,3
6763d9145a9f4880916e92f6cfb556a4,东***投资,fedfa4eb21de71ac82c0b309226cfd64,2013/11/7,4
6764cc8a5a574bfe83cba417b397a36d,富***投资,a3677cc9ece98f7e0852636d67206487,2014/1/29,3
67c4ac5d5e00482ba6a1b4878712df88,**创投,b2f746de609c0d98744d3261a889d454,2014/11/6,3
67c4ac5d5e00482ba6a1b4878712df88,**创投,b2f746de609c0d98744d3261a889d454,2015/1/15,3
68756fffeb044c299a352758802b9b4c,常***投,ff7771bf534b6f960561e7b7154de950,2010/6/23,3
6938ad50b0cd47c597e002121d8e7eab,焦***投资,a08fb4fa340b09745bf680a5be981af0,2014/12/16,3
694684d4c6c846c3a6cece1c782ce2d5,**创投,cf23d3824626fac65338f64a2f8737aa,2015/3/19,3
697bd2a91bc146baabe750f85d5769fb,**科技,bf056cfde3325cd6ba4063d426c1c1c6,2013/1/1,3
697bd2a91bc146baabe750f85d5769fb,**永宣,1c655fa1c5703a12533e2de443cdd347,2014/4/1,1
697bd2a91bc146baabe750f85d5769fb,成都*****权投资,8593aca71339dad800e4000eee4a9883,2014/8/7,4
697bd2a91bc146baabe750f85d5769fb,**永宣,1c655fa1c5703a12533e2de443cdd347,2014/8/7,1
69a126afdda7468f8b984e1a24075732,北京******业投资,ec4ec4f3af201d454987872bb19cb424,2014/8/18,3
69a126afdda7468f8b984e1a24075732,**资本,c68f8b0d5b188356e43aee76d8eb0f8c,2014/12/27,3
69a126afdda7468f8b984e1a24075732,极***投,b2935be3ed845c2c653ed62ede08e9e4,2014/12/27,2
69a126afdda7468f8b984e1a24075732,**资本,c68f8b0d5b188356e43aee76d8eb0f8c,2015/6/4,3
69a126afdda7468f8b984e1a24075732,**资本,b47aac216d82e497a9e75b5ff6b5966f,2016/3/16,3
69a126afdda7468f8b984e1a24075732,宁波**点投资,97f49051b3765d005d8f122d8f1189f7,2016/3/16,3
69a126afdda7468f8b984e1a24075732,七***投资,4ca034e5ffe40fc5e9638cae8bfd0973,2016/3/16,3
69a126afdda7468f8b984e1a24075732,极***投,b2935be3ed845c2c653ed62ede08e9e4,2016/3/16,2
69a126afdda7468f8b984e1a24075732,引***本,848ada6b993f8fadaf556a8e2d2b60c8,2016/3/16,3
69a62bf032304196a4868f4b8b57468a,西***投资,5740567de366a6b2f2fb1e9c8532436d,2013/4/3,3
6a09dc8eaa0d4272a26449034c15afc3,中国**资担保,e4dc8a70e2792889c570f32fd84d2508,2014/7/30,3
6aa81a12f9944852a7c6ac923864151e,安***资,2a5b492e704d86915321a7fd6465ba97,2015/5/12,3
6c08906f64704b0086f5c55dcb5de15b,北京****威投资,117aa4617d9a3195ff9bfb58c93b0a59,2014/7/25,3
6c1fc3dbac7b4fd088be25ffc6efabc1,**创投,ed0f35e89f90707a071ca79551345fa8,2016/6/2,3
6c378322d3334f0789544d134dcefe0f,**汇,8ed1cd18bf0420ecba0a21c201b8ccbe,2015/12/30,2
6ca74656683b42f4a8ee9577ea23805d,北***投资,064578027b41d8c63fbace6dfa448c98,2014/9/15,4
6cbc3fd9c15e46a6a613b31202372321,**创投,04ff0921284ca2faf3147a31aaec5635,2016/6/2,3
6cbc3fd9c15e46a6a613b31202372321,**资本,9587e0f23ced2b269c891e2d9315f4c6,2016/6/2,3
6cc5829c4c5845e9a18e90706620a128,上海***方投资,2699d311e98921edfd5c6b827628e9ad,2014/4/4,4
6d933117242547d0ab952e1de0f28f27,**资本,538f4e8eef610a67318c9dedd394278a,2014/10/1,3
6d933117242547d0ab952e1de0f28f27,**资本,538f4e8eef610a67318c9dedd394278a,2015/10/9,3
6da84e48f7e34182b08811b36d5d2f79,力***集团,d69cf55315b612f5df75db734cb5093a,2015/12/18,2
6dc8ac7f9d774a4b877116642e513344,清***控股,1dec2d9dc983b0f45cdabd1a0730345f,2015/2/1,3
6df395e8d5e54ef980fd71bf9501eb08,一***资本,cc3bcd220b0a2e9a489d1bd830d7f608,2016/3/29,4
6e2bd9c1c34c4108a57003ee98fd69aa,**湾,3651c9eeced5d078d2f4807bdf8a6079,2012/11/1,2
6e2df89d3be248e58680354961f56687,**资本,18a94ef31a1ca7a5db2c17a6367dad4a,2015/5/22,4
6e55d593654d468bb917b843fa561bcb,**投资,8f794152ed04d64dbb215117fd3b46e6,2016/2/1,2
6e8e50f1cfd54bfba9e96033f6df04bf,江苏***富投资,723cdbd119c1daa09271eb179e80c365,2006/9/21,3
6f6b98d8f73d4bbe8b52e03da09ab840,德***金,59c9be603de7ed7f2c1d8d8f281a9d7f,2014/5/30,3
6f6b98d8f73d4bbe8b52e03da09ab840,德***金,59c9be603de7ed7f2c1d8d8f281a9d7f,2014/10/9,3
6fb3ef5ffae64a8ca45d90e3de14bcb0,物***集团,5b8be94c670eece810aa8dfb6cc736f9,2004/3/26,3
6ff0f82676444e7e84923113c5285d9c,**网,046bdfd9674637921aeb2f800500d0ec,2015/6/27,4
7074592b42614579a08062002d85834e,达***投资,f98d07d0bce4aa82f5b1fd0314c7966c,2015/6/19,2
7074592b42614579a08062002d85834e,余江**胜投资,1e2946fac723bc8c02fe6324ce402b9e,2015/6/19,3
70fad32b7ad748908d19ca04b025bd71,**资本,7ca747eb3c6f0cf02a24ae00c34bb8a9,2015/8/31,3
715322928167441cb325d7083c2ecbdf,长沙***业投资,c2d897279386e0168e1b24e5d41360dc,2015/8/13,3
715322928167441cb325d7083c2ecbdf,上***投资,ebed091d380f76d32411f2dc0f934735,2016/3/3,4
71aa29c4a8db4c27bae74c0911357025,*图,ff97113f75b206883c1687d46385f9a1,2015/9/14,3
7248e96fdb084ab48b4cb20bc45554c3,达***投资,f98d07d0bce4aa82f5b1fd0314c7966c,2013/9/13,2
728d601c117d48dcb90cf009b1c0bdc3,中证*******）资产,d717cf9d03f69bd29b55e0f5896101bc,2016/2/1,4
728d601c117d48dcb90cf009b1c0bdc3,高通**************res,74ccc1d5d6e35a738c5a56b02b61e24c,2016/2/1,3
72b62aed2ef743de8d9e14a27e7651fa,成都********资基金,a066a4a1a49e231ab120afb04e34ac6c,2016/4/21,3
72f7b5bf941d43c3b303c87107303204,金***投,0a3b8ee28dd45998a6f60d8d5401831e,2014/8/31,2
72f7b5bf941d43c3b303c87107303204,天使**人王刚,70a89afe30f3cea859213629fc6af4c6,2014/8/31,3
72f7b5bf941d43c3b303c87107303204,华***基金,fc42fa5408ad7b625a8d2ae5225f32f5,2014/8/31,3
72f7b5bf941d43c3b303c87107303204,华***基金,fc42fa5408ad7b625a8d2ae5225f32f5,2015/5/13,3
737e88a2380345b788ce8f1c8cba3175,**基金,b1647d493f5eed30952f9312b610652a,2016/6/16,2
73afd2273d874a5c90db8cb8a48f52d0,陕***投资,9f5797447df6675072525645fd69bb66,2012/11/16,4
73db1f12966b4a08ac5929944775426d,**资本,332242dd13f9682009d2c8c9b0aa92aa,2015/4/28,4
73db1f12966b4a08ac5929944775426d,**创投,04d83534e294efdbfa3889b70162e744,2015/10/27,3
73dddb96a2dd4ae9ba76a9aa5bd73139,宁波***才投资,927dca2fff2875a25f960ecd8a7c2095,2016/6/21,4
740674141b7743b2a6a6d6329772c5c8,深圳****创投资,8052482dcc5c4454bdb9c3f337ca2c90,2004/11/4,4
744c1aa693a0431895ccff8d5382d851,**投资,df7f196b639b132a35c8caede92dad00,2015/12/28,3
744c1aa693a0431895ccff8d5382d851,**创投,f748cc35b42648fa8d1486881acff611,2015/12/28,3
74c3f512d83e4b8caef0dff20c94dfe5,**创投,e4c627fba0cf845d04d3a6a9250d6687,2014/12/4,3
74fe9ce71cf34770ace8f88e249c0bab,永***投资,ead143e21c7609941784aa7defe53351,2014/5/23,4
75053035570c4809afe9300316725da8,二三***资基金,71f4bf57c40dab9df0bb978d44009960,2015/1/16,3
75053035570c4809afe9300316725da8,二三***资基金,71f4bf57c40dab9df0bb978d44009960,2015/3/20,3
764cb60f876b4bc9820471cfd782a5fe,天***资本,98da06cea476745edb8c93a611f730dc,2015/7/15,4
764cb60f876b4bc9820471cfd782a5fe,**伟业,728e416f7297904f2c391b946ba1a25f,2015/7/15,1
7702c4933a6d4c3e91c0549952ba35d7,郑***资,17088ba4f060c211a08e16d38fe64c62,1994/1/29,3
77da41d61fc44f8199369b58f006c3f2,**资本,fc29160945a2bc79665ff9f89cd9d9a9,2016/5/17,3
782ce2e84ef34eb0939c6c9c24195ad3,宁波***纳投资,c76e073db073693c6c1bb0d052b7f845,2016/4/20,4
78bdbe6974d143c2bf95624836d46553,**投资,a9cd3f2aa3658c88aa652813f348604d,2014/10/13,2
78bdbe6974d143c2bf95624836d46553,**投资,a9cd3f2aa3658c88aa652813f348604d,2015/7/2,2
78bdbe6974d143c2bf95624836d46553,**富润,751e72987513c38785bea940a5a03296,2015/7/2,3
78f59f45688c48a1b9ba65f6aa5a1000,**资本,b8a1c5d90a6b9b569004e4750d4a182f,2015/2/2,3
7920b56ce6ee44d69ae526b8b36e0d4b,**创投,6e10727b1e7abb554204d5c645c87d87,2014/1/20,3
7920b56ce6ee44d69ae526b8b36e0d4b,**资本,7401fac31166ea59d1b3f39d033b646a,2014/9/21,2
7920b56ce6ee44d69ae526b8b36e0d4b,**资本,5f79d511e18d7f233cab8de6ceec635e,2015/6/1,3
7920b56ce6ee44d69ae526b8b36e0d4b,**投资,07c4e1cf3b6062dd15f27ff6353081ed,2015/6/1,2
7920b56ce6ee44d69ae526b8b36e0d4b,**资本,fc9296e8f8a6027d8b91fbd8eba98547,2015/6/1,4
7920b56ce6ee44d69ae526b8b36e0d4b,**资本,7401fac31166ea59d1b3f39d033b646a,2015/6/1,2
7920b56ce6ee44d69ae526b8b36e0d4b,**资本,7401fac31166ea59d1b3f39d033b646a,2016/5/27,2
7920b56ce6ee44d69ae526b8b36e0d4b,**投资,07c4e1cf3b6062dd15f27ff6353081ed,2016/5/27,2
7951837e1cc14b8e9a4a108c57bf1ee2,北京***云投资,f11eae94912cfd1cf849ab4e183f844a,2014/9/22,3
7951837e1cc14b8e9a4a108c57bf1ee2,北京***技投资,433a05346fcb4f7ad0bccff67ac03449,2015/11/6,3
7a3a8139e419473c9c9db871186b93c2,深圳******业投资,b8d2c957ce9ac171d6301e7e445b94a3,2015/9/1,3
7a3a8139e419473c9c9db871186b93c2,**资本,6f737b5f06b8ec145a4c7b2b2067b0ca,2016/4/20,3
7a9516fead31496c95689eae9c334bdb,**湾,3651c9eeced5d078d2f4807bdf8a6079,2015/8/6,2
7a9516fead31496c95689eae9c334bdb,**湾,3651c9eeced5d078d2f4807bdf8a6079,2016/3/18,2
7b16593af3614f2cae49954dc55d15fe,**汇,8ed1cd18bf0420ecba0a21c201b8ccbe,2015/9/30,2
7bb8f7964e884b68bbdffb5c71aee937,**资本,5fc3b525eed99eb886e7e6fef564066a,2016/3/11,2
7bb8f7964e884b68bbdffb5c71aee937,**财富,b1e35254687ae2fc4e64226d59310dcb,2016/3/11,3
7bd1d05c03ab4e88b3884d71e80ae54f,**汇,8ed1cd18bf0420ecba0a21c201b8ccbe,2015/5/19,2
7bd648083d2542629d880ebeb37ac0fc,中***集团,93550e877a2a2d54e20ad85e3c4fc428,1956/4/28,2
7bd648083d2542629d880ebeb37ac0fc,中***资产,c6718e11cf25a7342d7b330ff208dbc2,1956/4/28,2
7cc5416b06304dd48d0384599c22902e,**投资,f460625cb6ef774a36d1d20202d5d9df,2015/11/25,3
7cc5416b06304dd48d0384599c22902e,**资本,e9db72892e1bde23b31f9fe784dc45f9,2015/11/25,3
7d2d4dadfd1b46259210d9d379f0c5aa,**动漫,ce718962fd06c4acd9aeacc80c6b7fcb,2015/9/18,3
7d2d4dadfd1b46259210d9d379f0c5aa,北京***技投资,433a05346fcb4f7ad0bccff67ac03449,2015/9/18,3
7d2d4dadfd1b46259210d9d379f0c5aa,暴***投资,70c1c55438def67619c072c5635f5494,2016/2/29,3
7d2d4dadfd1b46259210d9d379f0c5aa,**集团,aeae2024b5fff46274d507d64d1ae5c2,2016/2/29,4
7d7ee2dc2758414c9333b69e07b29d67,**投资,d7c436c0153e56586e275dd3766d91c3,2010/11/4,3
7db86d96db74475ab3219eb8519983a0,中***集团,1ba42f4a100ba147e777b95ad022117e,2010/12/29,4
7e18ed59fa1d4c6f8dc4450d3b8be078,**资本,7d37b73c0d8338945a40559b78291c67,2015/8/21,3
7e4e6bfbcde4406ea182b8222e7a794a,中***投资,88a498367a27e15b27e639dd1fb19e41,2015/1/1,4
7e5c16faeec24ad591afb0e7c70287a1,**科创,612954c68ed7bbd7e0ef2cf22e9a8563,2013/5/30,2
7ed45c3571be428c96e2d66c87d10c1e,重庆***权投资,28426adfdada46920628b7fd91431d0a,2014/7/24,4
7f7194abdfeb4bcb9a46b8994a809def,Pr***gel,53b634dadf1a3434c7c6b60013aa5ca2,2014/3/26,2
7f829223d8a44f6aaff1e1c6dfe0df3a,延***投资,68f9078cfcce1a6c42ef76d45f5ed515,2016/5/25,4
7f8afce8c21f4b509e4542d89c3ba553,洲***投资,9c19f3dd458e69608bbd4a8c64217465,2014/12/17,3
7f8afce8c21f4b509e4542d89c3ba553,力***集团,d69cf55315b612f5df75db734cb5093a,2014/12/17,2
7fb1b2ae26074a588ef6651a9ee677b1,北京***思投资,d746f42274a36364c2174bdbf59c54ba,2014/12/24,3
80c7ed28e09b4bf8a863ee0f8b0d67ef,**集团,66b404f3804968355277e42864e58f1b,2015/7/30,3
80c7ed28e09b4bf8a863ee0f8b0d67ef,杭***资本,dde59f41f393e2a60f47f3b4051ef6fc,2015/7/30,3
80d0b048e3c7466691c8ea9827adfd69,**投资,7652fa446590171b6f7c4df1c99f8315,2015/8/21,2
80d0b048e3c7466691c8ea9827adfd69,**投资,df7f196b639b132a35c8caede92dad00,2015/8/21,3
8103dd4d6a894df59edbcdf0e881458a,深圳******权投资,414bdc639689dc2d99625673767ef0ff,2016/1/15,3
8196adca44c943fdb5c61f6e266aaf7e,**创投,8d78544a83d5e4eb19f40263b0ee587b,2016/4/3,1
81d9f81b10614998b21cbd9a838f7e70,西***投资,8eb50bf1a065d912a07928869521f8f4,2014/11/3,3
8214444f150e4093ab2d863eb9ad1c20,**资本,83015be78fcb2a7c3480e4ebb5e6b614,2016/3/23,3
8265dd5de63946a6b7a6183516028fe1,**资本,3ceec50676d5f25aa9ac6c0b1167d566,2014/8/1,2
8265dd5de63946a6b7a6183516028fe1,北京***云投资,f11eae94912cfd1cf849ab4e183f844a,2016/3/30,3
8265dd5de63946a6b7a6183516028fe1,亦***基金,99b2b0e22374c4ee096a514dd3333032,2016/3/30,3
8288fcb9814642b8bcc76a48213af439,北京*****技投资,575f9e961f15a1c369ad2e7ab50daa6e,2014/12/23,3
8288fcb9814642b8bcc76a48213af439,英***基金,59c9033a8d3a774c64c7504df6102b8f,2014/12/23,1
8288fcb9814642b8bcc76a48213af439,上***投资,6f8f41c52b58fde582e597d6574871bd,2014/12/23,3
8288fcb9814642b8bcc76a48213af439,英***基金,59c9033a8d3a774c64c7504df6102b8f,2016/5/6,1
8288fcb9814642b8bcc76a48213af439,北京*****技投资,575f9e961f15a1c369ad2e7ab50daa6e,2016/5/6,3
8288fcb9814642b8bcc76a48213af439,上***投资,6f8f41c52b58fde582e597d6574871bd,2016/5/6,3
82aa3b16f4394675bfb725abc48a3d1e,济***公司,88fed6ec5883824b1e0f19af5edff63d,2016/6/16,4
82ad1ae8fda74b6b98b5c9d56bfbce6a,潍***投资,38306c0dfea837264904c7103935f059,1999/6/11,3
83867deecf0f418eae75d05ea6c163dc,阿***本,d93c59517445b2d9f36825496ebbd4c3,2015/3/18,2
83dfef376a4f434fbf2be187c98e658a,武***投资,40cb083617dd4c7fd5b112f06422acf0,2015/7/29,3
83e77c516f1f4992827cf6785b1dd6c8,上海***业管理,0e0b6b0ed4eb097c30f0ad97ab04b403,2009/11/27,3
83e77c516f1f4992827cf6785b1dd6c8,*浪,62a3c7ee758a52d906d78372d1abbfbb,2016/6/28,2
83e77c516f1f4992827cf6785b1dd6c8,**投资,07c4e1cf3b6062dd15f27ff6353081ed,2016/6/28,2
83e77c516f1f4992827cf6785b1dd6c8,**投资,00622d6353a5dfcea984e307a2a5e495,2016/6/28,2
8575559094974a52ba548508a53cb265,**资本,73d5e2f2ecab7b7695ef11dbf65df25d,2015/4/14,3
86f2156499d2416187ebb991069fad4e,福建***业投资,993974e8edafb838e1c611c0b8899eb0,2007/8/29,3
86f2156499d2416187ebb991069fad4e,福建***业投资,993974e8edafb838e1c611c0b8899eb0,2014/5/12,3
87a34702d9de4b36bf1a79879a8a1d14,**智能,2f56480227b7e87a9c9071982f8f3309,2011/10/25,3
87d0334cfbe04669bd8f9b534beb49e1,**投资,9bc36e45ffc079910e92a5c3f1655b54,2014/12/1,3
87d0334cfbe04669bd8f9b534beb49e1,**投资,9bc36e45ffc079910e92a5c3f1655b54,2016/5/19,3
8843c24b3ea24ed0808edc5c770f1b6e,康***投资,18e04c106dfc38e3b1e01e81206089bd,2006/7/5,4
8866f61ade8f43cc91edaabc9f2d41e0,上***投资,d1dd1cdf30ff01967041a1401b4b4ad1,2015/5/19,3
892c5ef5eb3242399893e94af35b0145,上海*****业投资,64c8b260f3ba9036eb866a2abcded029,2014/11/17,3
89310987c6f4454d9c04d39107e5c82e,吉***投资,33f028bf52648585e6c666c7374bac8e,2014/12/31,4
8976e05e25e84f5ab70d2fd7053c6b25,常州***业投资,fa427af8e5bd15fa72eeea3f92663333,2013/3/15,4
89b39a272cff4a0cbe5e7ee79c8ec99a,**湾,3651c9eeced5d078d2f4807bdf8a6079,2014/4/30,2
89b39a272cff4a0cbe5e7ee79c8ec99a,**湾,3651c9eeced5d078d2f4807bdf8a6079,2014/7/24,2
8a86430d98f945429bfd63e9667d7a70,**创投,15095a84b3772978d8ec4edbf0b619ee,2016/4/13,3
8a9e94f232f240f48adf67c2259c236c,**伟业,728e416f7297904f2c391b946ba1a25f,2015/9/7,1
8a9e94f232f240f48adf67c2259c236c,**资本,3ceec50676d5f25aa9ac6c0b1167d566,2015/9/7,2
8ab0d0ea0145497ba0f32cb9c0c19892,**创投,e4c627fba0cf845d04d3a6a9250d6687,2013/6/9,3
8b4545ef47a04ffca0c1a92ad7a4f405,上***资产,0443157e633f15afea65cc9c13bbed95,2015/9/1,4
8b4545ef47a04ffca0c1a92ad7a4f405,**集团,9fb868f955d61ab27a2dc8959f63a029,2015/9/1,2
8b6d1d20651f4abdb5dc0bc8fb71ba09,**创投,04ff0921284ca2faf3147a31aaec5635,2016/6/13,3
8c1d6c4c8b5c4207b4bc6ec0df4b0d2a,**基金,b1647d493f5eed30952f9312b610652a,2013/3/25,2
8c1d6c4c8b5c4207b4bc6ec0df4b0d2a,中关**业投资,ec7b42769344dc394962afc4b269a3be,2013/7/4,2
8c69357b01a54056b56b269e223ef7f0,**投资,afbfaaa2b391de2ed3f82af398c92b6e,2015/9/11,2
8e7b215bbae64faeaa6cb2efe6e5c81f,**投资,d7c436c0153e56586e275dd3766d91c3,2011/1/25,3
8e7b215bbae64faeaa6cb2efe6e5c81f,重庆*******资集团,81b5a5d2f9ccd48ab4479b9192fad171,2011/1/25,3
8e7b215bbae64faeaa6cb2efe6e5c81f,重庆***股集团,9e3ccc3fe49c9f38131ab164a72f788b,2011/1/25,3
8ed28bd7f6954c7f851fb2598d075211,北京***云投资,f11eae94912cfd1cf849ab4e183f844a,2013/6/24,3
8ed28bd7f6954c7f851fb2598d075211,**创投,2cd10942ad1a1739ab5b4119a1b80688,2013/6/24,3
8ed28bd7f6954c7f851fb2598d075211,亦***基金,99b2b0e22374c4ee096a514dd3333032,2013/10/1,3
8ed28bd7f6954c7f851fb2598d075211,**创投,2cd10942ad1a1739ab5b4119a1b80688,2013/10/1,3
8f28926abd7744389575058f0a54f210,杭州****权投资,4eca60f3e33bb31197883b3dcc1393b9,2015/10/30,4
8f73295e99ea4f7eba252a7da351e2db,**科创,612954c68ed7bbd7e0ef2cf22e9a8563,2014/3/12,2
9162be7e8a5c42e09ceba0ea5cc46928,天***资产,305ad5dca4217defb585ecb15b3f7bcb,2015/6/18,4
918ceeaf00f54b869ded50728aba8c13,**联合,26047b1df25e336f4e966731095bf0eb,2011/2/21,3
918ceeaf00f54b869ded50728aba8c13,北***投资,2b656addc3c88711f7329099236b18ce,2016/3/24,4
918ceeaf00f54b869ded50728aba8c13,**联合,26047b1df25e336f4e966731095bf0eb,2016/3/24,3
91cd7ae2cb424fa8bf8a2cf7c334f594,同***投资,76593dca94336961ac0646e98fa02ae7,2015/12/30,4
92990a0a5b7741df8c2249a64b87e808,常州***资集团,55508706d96d4b3470396753acc4a72f,2012/12/11,2
92990a0a5b7741df8c2249a64b87e808,常***投,ff7771bf534b6f960561e7b7154de950,2012/12/11,3
929fee2c3ea54d18a870b93e84c6a2d5,麦***投资,b1fdfb95cd7eab236ab54a8947c186d8,2004/5/12,4
93104299e4a24406a6f529ea52898438,**投资,dd327b240c6f5a1b0342f50d6a5675f4,2016/2/3,2
93104299e4a24406a6f529ea52898438,**投资,dd327b240c6f5a1b0342f50d6a5675f4,2016/6/6,2
93acb87a6d6746bb9da08778d9527cbf,**资本,a6d28395f58740220709f60b76bdf4aa,2015/5/11,3
93acb87a6d6746bb9da08778d9527cbf,**投资,afbfaaa2b391de2ed3f82af398c92b6e,2015/9/16,2
93fb770990344c2e92242a753f26d96b,上海**桥资产,4d7caea06cce037fadc6f1e2e127184d,2011/3/23,3
93fb770990344c2e92242a753f26d96b,常州***资集团,55508706d96d4b3470396753acc4a72f,2011/3/23,2
93fb770990344c2e92242a753f26d96b,上海*****业投资,64c8b260f3ba9036eb866a2abcded029,2011/3/23,3
93fb770990344c2e92242a753f26d96b,上***集团,b01b0e2fc1f413de6bf192662e062686,2011/3/23,3
93fb770990344c2e92242a753f26d96b,天***投资,c8373e46c63b24e9bb9d03b2b029bfc1,2014/12/31,4
941abe764e5c4d1990ddaec2fedc5309,**创投,e4c627fba0cf845d04d3a6a9250d6687,2014/12/4,3
94250a7d4b694368939177af52dd4d50,北***投资,dfe19c9e5db1bc7fe46ebfe3af697b18,1998/5/29,3
9482f32b770845f09fc1a6165e0c8480,**资本,73a807b7be96f6c7317c58d693d48cdd,2015/6/1,4
95d0139a8ad0493bbef50bfa8483d146,上***投资,7c19465bd846a15853a3fe8f3316d443,2016/5/5,3
9664936d092b4b1c95c384b4a3c133b9,*易,f396b4655d01bc4aa66145ece7366adf,2014/1/17,3
97628b2d331c4c3b94151c7394ce7258,**创投,d29d49de01893ccdd546da2b6b2cda76,2014/8/19,2
97628b2d331c4c3b94151c7394ce7258,**创投,d29d49de01893ccdd546da2b6b2cda76,2015/6/8,2
980090dae28142af9ea25903075e48e3,重***投资,5c177d75edf094334b5162e2147ad417,2009/8/17,3
980090dae28142af9ea25903075e48e3,重庆***股集团,9e3ccc3fe49c9f38131ab164a72f788b,2009/8/17,3
984c450c72be4d1daad4787720938481,三***投资,fa7a52fc15267b5160fbd14a2c31d98f,2015/5/15,4
98d53f4bc19a4a4d804466be76fd60d7,英***基金,59c9033a8d3a774c64c7504df6102b8f,2016/2/3,1
98d53f4bc19a4a4d804466be76fd60d7,**投资,b3a6a91ee6a2592845338ee10827038d,2016/2/3,2
98ed54ce60c14b08959d2f67c21e4831,**创星,820bd78adaeecb62d4e0df7b169aaca2,2015/10/29,2
9911dcfcfc794277b0765b3ccd607aa6,中***投资,4782025f6a30afaee0c7c1390483a91d,1998/7/28,3
9911dcfcfc794277b0765b3ccd607aa6,武汉***产投资,37037b3a649535a19b56e69d8e90fa23,1998/7/28,3
99237505a94e400c8812f098e4c8ae19,达***投资,f98d07d0bce4aa82f5b1fd0314c7966c,2014/11/20,2
99666442050342768c4c2840f1018323,**资本,64177abcef1ec2a1eb19ea1f45223960,2015/7/17,4
99872d22dadc4ac5a701899ea065b29a,**湾,3651c9eeced5d078d2f4807bdf8a6079,2015/10/21,2
99872d22dadc4ac5a701899ea065b29a,**创投,5ef3ef14785e03297422ca4d6c4b9c42,2015/10/21,3
9a74a4889bc84924a67c7982070811e5,**基金,b1647d493f5eed30952f9312b610652a,2013/1/21,2
9bab106874d1448ea6b3e70a9690435d,浙江***诚投资,38114e771d2c54d0114a0115b6cfee8e,2015/1/29,3
9bab106874d1448ea6b3e70a9690435d,**投资,24878d4b03ad271b4c0f1c6dad0a07e7,2015/1/29,4
9bad2f87e8d141e8bd92b66d4db2079f,**天使,411742954ebc67d42651178280ebb301,2015/7/22,3
9bad2f87e8d141e8bd92b66d4db2079f,**创投,321f81cf400957b0a70f1d635576e75f,2015/11/3,3
9bad2f87e8d141e8bd92b66d4db2079f,**天使,411742954ebc67d42651178280ebb301,2015/11/3,3
9c38598c2782418693f0f76653f86e06,**接力,7510ac14ecac18d1b698048e0f9e6fe2,2014/8/22,2
9c6a85fe031b4c6e904621d4c60b5657,**互联,6dbe42ebf81f401b0a5d69931f202f78,2015/10/23,2
9cc24ca730954107b9a20015c6c9c9cb,常***投,ff7771bf534b6f960561e7b7154de950,2010/9/3,3
9d1e81a59da041cca008b0aff4ce50cb,山***投资,0a861e966c22b5592e289e33c0b486c4,2016/3/11,3
9d667cf6c1ab4997aef1d6a80c78cb91,**投资,a4a00900f150b4a2cb92c44f0247c986,2015/5/2,3
9d667cf6c1ab4997aef1d6a80c78cb91,**资本,7a7ba0a0869bba45f49f3c7a2e7c2f18,2016/2/19,3
9d840fd26cc3445aa0bd57896e782c5d,东***资本,d35d5a928477bc767383fd58ee2faee6,,3
9d840fd26cc3445aa0bd57896e782c5d,上***投资,b9ae1c35182a683f9492df3b29e04b99,,4
9e484cf300b24e9a9da37290c6c099c1,北京**泰投资,d70c774b6e68a8974c4740db3f9b3332,2001/10/25,3
9e484cf300b24e9a9da37290c6c099c1,元神***）投资,a32f863e6f74a1ca8e6c7fc07ee4193a,2001/10/25,4
9e484cf300b24e9a9da37290c6c099c1,国瑞****）投资,ee9464d8eb0a1e57671948b5c194fe8b,2001/10/25,4
9e95848b9c3d4ab99b7574173286611a,**投资,5e83b069cb276536d9db65a2c73d6748,2015/2/5,2
9ec040d851a148ca9ae0ded7c5e4be1f,上***资产,691f00983dff40d93474906697ce1875,2016/3/20,4
9f3177dd07a648b8b29bcca62ea01015,上***资产,35182ff446a9a1cea1ed2365c8b11b2a,2015/12/9,4
9f41c46e7be04c0894aaa18ed36c944a,中***投资,254a70d3add215b6fb7ca9f96fd79446,2013/3/8,3
9f4d637187c94e9abc9206d96c699026,泰州*********限公司,2d4f157c4a0b88f88e782c9a2cb0ad32,2016/2/26,3
9f519c12531b4f4ca6faa73d6ea9e7ad,**天使,411742954ebc67d42651178280ebb301,2014/7/14,3
9fd022f9eda6493fa5d8fb87a20fc627,**创投,309af5de9a027698b0fb02980f906a64,2015/12/22,3
a08961594a3449f0b41ad7d8166ab94a,**资本,932379b113d31da75822f97c6d000b94,2014/9/1,3
a08961594a3449f0b41ad7d8166ab94a,**资本,829df73990b52e5b38460f749f5c9def,2015/2/10,3
a08961594a3449f0b41ad7d8166ab94a,**资本,829df73990b52e5b38460f749f5c9def,2015/10/27,3
a08961594a3449f0b41ad7d8166ab94a,**资本,932379b113d31da75822f97c6d000b94,2015/10/27,3
a191ea8da75d451eaee1654b10a70aa5,达***投资,f98d07d0bce4aa82f5b1fd0314c7966c,2009/10/16,2
a23f7eb0380d48f29ca5f7c6660ba954,**创星,820bd78adaeecb62d4e0df7b169aaca2,2016/3/8,2
a23f7eb0380d48f29ca5f7c6660ba954,集***本,8089393996070e1caceb0287aaec20f6,2016/3/8,3
a26bcf65660941c7b2eee90d406cafe6,**接力,7510ac14ecac18d1b698048e0f9e6fe2,2015/2/4,2
a2b285ab9acd4deea0ffa3e5dbb418ac,**股份,61a7b177d826c791c1506dc4d56257ea,2015/10/20,4
a2b285ab9acd4deea0ffa3e5dbb418ac,沈***投资,ad76e106a8581a99eac983c1b608e1c1,2015/10/20,4
a31348e0d9b145b38677a3848797df86,**创投,9951e5879f16a5d9c9033cb838230e9b,2011/8/26,1
a3204c287c1c42c592f4376ffa46ff43,集***本,8089393996070e1caceb0287aaec20f6,2016/4/15,3
a3814c896b134cdf831a7419460f86b4,**集团,98f6ea99cc6836bb948336188d65cb07,2016/5/31,2
a3814c896b134cdf831a7419460f86b4,**投资,eac1c583c7a10c5c256bb746420cb9e4,2016/5/31,3
a3814c896b134cdf831a7419460f86b4,江苏***业投资,b936e2ba79d935b440112e6bfa6696d0,2016/5/31,4
a3ac97fe8010435993b67c8151d1fb67,达***投资,f98d07d0bce4aa82f5b1fd0314c7966c,2014/1/24,2
a3ac97fe8010435993b67c8151d1fb67,**投资,a77d143883d8e1153ea6c1e8b59210b7,2016/4/14,3
a4419bb004c844d5993e33c819123fc0,**资本,f8f70c277e47178863e8ba41c6fd294a,2010/1/8,3
a4558cfa0e764fd1ac868c2808360841,上海***业管理,0e0b6b0ed4eb097c30f0ad97ab04b403,2015/2/2,3
a4d8c6426c8940358e96172fe8c2e983,**资本,93aa7b44c1ba60afe38b16ff17a8ea0d,2015/7/5,4
a5b23501402e4034b4d7dae2bc472a00,**资本,5f79d511e18d7f233cab8de6ceec635e,2014/5/30,3
a5b23501402e4034b4d7dae2bc472a00,**资本,5f79d511e18d7f233cab8de6ceec635e,2015/6/4,3
a5b23501402e4034b4d7dae2bc472a00,**创投,c1daebd7f2bfd65c4d8cb2c976f2eb41,2016/4/18,2
a607c99ce1f441c5b131e4eb4e442fce,**药业,ddffcdbc82e7875126e2b9f3d087fd85,2015/12/16,3
a6a16c5a3ba34662b35bedfb8cec8b1f,**资产,1cf9f36f5dd5e46361a77edd8b4c1737,2002/11/1,3
a6bd920134f84a73afcf4386fd6f58b2,**创投,ae0b756bc78d13e92a0fcd55dfa60e60,2014/3/12,3
a6ce40b8cb6142c788034e86c1e1f28a,华***投资,bc32ed59595a14a2f24c6c759acafa1b,2015/4/16,3
a6d560e8b242486ba9580793d4cbe9ae,赛***资,8baeab5fb40e7d49636d4ed8e30475f4,2016/1/12,2
a73cbec53706467cb554a3c840de26ca,**创投,9951e5879f16a5d9c9033cb838230e9b,2012/5/17,1
a73cbec53706467cb554a3c840de26ca,**投资,5c15f66783b8eaf19121fbfc34764fe3,2013/1/1,3
a79564c29deb4bd5a7716170d12e123c,**资本,e94a8f98333e9dac63c18f55350a6654,2015/11/26,3
a85d0cba6c654cbfa8525fb7e529b7de,金***资产,f467d612619e9b5e2cb2a3724c02be36,2011/6/2,2
a85d0cba6c654cbfa8525fb7e529b7de,上海*****视集团,b1c869375d2927c04751e61e84265949,2015/12/25,3
a85e2536908c48c3a7c701ace14900fb,无***资,58aa03adf625121042de9f004fdf6452,2016/2/3,3
a85e2536908c48c3a7c701ace14900fb,无***资,58aa03adf625121042de9f004fdf6452,2016/5/1,3
a85e2536908c48c3a7c701ace14900fb,**资本,1cc40c680021f06768a2b06cb977d7b3,2016/5/1,4
a85e2536908c48c3a7c701ace14900fb,**会,3571050646849725ec0922073afa9f95,2016/5/1,3
a89c723f77f34caf8d6c3d8762578212,上***科技,99f248478a75fb0663c5979783bd437c,2015/6/30,3
a939dec48aa14760bb0cb5823d9dc88d,达***投资,f98d07d0bce4aa82f5b1fd0314c7966c,2013/12/27,2
a94b7f626cc545bcb4969620ea0d48d2,**金融,aec7ed7229e45192ef4b79f1cf482819,2013/6/12,3
a94b7f626cc545bcb4969620ea0d48d2,**金融,aec7ed7229e45192ef4b79f1cf482819,2015/8/18,3
a96dded7cef6460aaa576c4810bfad0c,重庆***险投资,260ba936398473238efaa32f4a2725ea,2008/8/18,3
a96dded7cef6460aaa576c4810bfad0c,**创投,b9b98b29f69b67f93adb22d1a3aa3eb1,2008/8/18,3
a96dded7cef6460aaa576c4810bfad0c,**投资,d7c436c0153e56586e275dd3766d91c3,2008/8/18,3
a987406409dc456eb8d82eac809fa33e,杭***投资,509c8fdb53092bfef972ec07f05384ff,2016/5/13,4
a9d326be80694540bc256324d345473f,上海**图资产,17d95dd4136210901a42d24b711391a2,2015/5/12,4
aa116ea4fe7d4d14879530de4279efc6,**汇,8ed1cd18bf0420ecba0a21c201b8ccbe,2013/5/2,2
aa45ce4ecfb642ef82f17e95cd5da5f1,苏***投资,8cf8bf8e943af72644a1831a795689d1,2012/3/29,3
aa713c46ae934ca7bb6223a209776f3c,**创投,488157fae52f78152d3142275b1a8848,2014/4/17,3
ab1400b61ef84b26aecb484b95e8712d,顺***投资,1f1079866093cba4b309872d1970dc38,2015/5/19,3
ab157e12611c4159ad40997112d07976,力***集团,d69cf55315b612f5df75db734cb5093a,2014/7/10,2
abbaef1b70f54a588fb0cd715af4a690,**资本,a43b6c58451e5c87f7b0fc63292843cb,2010/1/8,3
abce5211684a4ac68c79936c1849357d,**投资,a9cd3f2aa3658c88aa652813f348604d,2016/4/13,2
ac182ad173f94c349cbc6a988c2ece7c,泰州*********限公司,2d4f157c4a0b88f88e782c9a2cb0ad32,2015/6/11,3
ac183bf80f8148a78b02eccb8287258b,**资本,3125871d9c3c08b022b43aeedfcf2bd5,2014/11/17,3
ac183bf80f8148a78b02eccb8287258b,**资本,3125871d9c3c08b022b43aeedfcf2bd5,2015/1/23,3
ac183bf80f8148a78b02eccb8287258b,**投资,0192f698e5e8178044612fd431ac8c44,2015/1/23,4
ac83b6bfea6b409abdca8eb40636d825,**控股,c752bfa37bd637b368fbf16293fa547a,2015/8/6,3
ad272bbe358b45189ed2cac03b041889,物***集团,5b8be94c670eece810aa8dfb6cc736f9,2013/2/28,3
ae8932d0ab06484e9dddbbfb06669122,杭***投资,f01f8155c58e30255254dcf0fadbda70,2015/9/2,4
aee2ed74435d4f4ba2ace8808d30ba5c,深圳***权投资,e1ad8c94b4b26ace46c15e9a8fcc4d0d,2014/8/11,4
af09be0c8df24cf18d7d5ddaa29a5349,恒***投资,02d6977e861e3e7c36bb8668b07d2c34,2015/10/28,3
af09be0c8df24cf18d7d5ddaa29a5349,恒***投资,02d6977e861e3e7c36bb8668b07d2c34,2016/2/15,3
afc693c88be2472e9548494e351870af,上海*****业投资,64c8b260f3ba9036eb866a2abcded029,2008/11/20,3
b001d6ef90b2478796a88155f666bc68,**互联,6dbe42ebf81f401b0a5d69931f202f78,2015/10/27,2
b00e339cada941b38fa017ff05dfc529,上***投资,708576858adc59e43a44b3ce795419db,2013/12/2,3
b10f4e8be2c4435597c2ce586b811524,**创投,61fa446b11f1d0b6bb390ea6b1f02f1a,2015/9/25,2
b10f4e8be2c4435597c2ce586b811524,**资本,538f4e8eef610a67318c9dedd394278a,2015/9/25,3
b13f86e7f33d48d0a0c3d6dde32f4e44,**资本,979482209b1fd557bb8f983b399ef6e2,2015/5/7,3
b13f86e7f33d48d0a0c3d6dde32f4e44,**资本,73d5e2f2ecab7b7695ef11dbf65df25d,2015/5/7,3
b13f86e7f33d48d0a0c3d6dde32f4e44,上***投资,6f8f41c52b58fde582e597d6574871bd,2015/11/10,3
b13f86e7f33d48d0a0c3d6dde32f4e44,金***资,ca0e837733e26cf988e8d335e33124c6,2015/12/31,3
b1832ddc94f74e789d1214b3c62295a5,**接力,7510ac14ecac18d1b698048e0f9e6fe2,2016/5/18,2
b1fbc3e74f374edaa4e1ebfddef29b7c,湖南***股集团,af408d8521d2555530165003f20e496a,2003/5/8,3
b221e86c6fbd4df99437e48f7d4133b6,**联合,26047b1df25e336f4e966731095bf0eb,2014/1/16,3
b222ae0ad63a4cde96eb0c49171feca4,**投资,5e83b069cb276536d9db65a2c73d6748,2015/8/14,2
b25247165943432cb0fedb37ac3c1cf1,**投资,b343a0dd15f570b14d77bff27d2d1db7,2015/4/30,3
b31144cb864749cdb63b300819d86e54,北京***材投资,56b6322a4f69a99de6172f92497f774b,2014/12/9,4
b3c64d8b67af4bfaad9f0f7562b9528a,中***投资,f6500e94b8107a8e8ac887b0c057b00a,2013/12/26,3
b3e5965e6396449c802ea993859e0b10,**创投,e4c627fba0cf845d04d3a6a9250d6687,2015/1/12,3
b3e5965e6396449c802ea993859e0b10,**创投,e4c627fba0cf845d04d3a6a9250d6687,2015/8/18,3
b46ae811837145d5ac839b0ca8673e6c,**投资,55a76acf1d1af04558fc456681974071,2014/12/26,4
b47df00af31b4326a71668e97aa4df5c,**创投,cf23d3824626fac65338f64a2f8737aa,2014/1/1,3
b4ed50cffc344f02b576f98f6321acda,**帮,775ecbcf37eefa9392a40cf538c4b270,2016/2/23,3
b4ed50cffc344f02b576f98f6321acda,**总部,496c6c408a4dcaf2f9ac7ca3d477f51f,2016/2/23,3
b5112f82c8a24ae28c0b22133e8ed429,杭州**兽投资,db597c4c3cd954c539fd92483506ed82,2016/6/13,3
b6057435dd4f485fa5e4a49c14691ac3,全***投资,d24b29d6397b6c6ec92007d2d4721a7d,2013/3/8,4
b609d614d4994a85a426a515f8b05176,**创投,f748cc35b42648fa8d1486881acff611,2015/3/2,3
b61b753abd3e4f95bd9e7bf86e288fca,**基金,6361b172fcc64370567074cbd21eadb0,2013/4/3,4
b6331a392050423686fe910fd009ab79,**创投,e7cc4803c66ed1c3337c6e9541387f5a,2015/12/13,3
b65d8bc826aa44da80e90888abaedc5a,**控股,61a68150683e5ed6d0ac3fa7f5ef4658,2014/10/17,2
b6ce7787d85a442d983b8ae4260be5b6,晨曜****之科）,48c10600d6b5101da43194ae9bcbc4eb,2015/9/21,3
b6ce7787d85a442d983b8ae4260be5b6,**创投,a94b4cf89036733b7a7a49e0124203ab,2015/9/21,3
b6d29d90a5e84977967994158c241f50,**湾,3651c9eeced5d078d2f4807bdf8a6079,2013/10/20,2
b72aa709e0fb40788121862c34b2e784,**集团,5a6caa0f29b7c7f9760f5f867aa7a741,2014/11/27,4
b7a7e037cd0e4bf089d997758daf19d2,腾***基金,588a9d697dbc4b09eb1836a23b06963f,2010/10/18,4
b7a7e037cd0e4bf089d997758daf19d2,**投资,07c4e1cf3b6062dd15f27ff6353081ed,2010/10/18,2
b7a7e037cd0e4bf089d997758daf19d2,**投资,07c4e1cf3b6062dd15f27ff6353081ed,2013/7/9,2
b7a7e037cd0e4bf089d997758daf19d2,**国际,6c656fe79179b014ad1e452b85ae15f1,2014/10/1,3
b7a7e037cd0e4bf089d997758daf19d2,腾***基金,588a9d697dbc4b09eb1836a23b06963f,2015/7/17,4
b81a382fb92640799fb350900abdccea,重庆****权投资,feb2ed8c331577cea9edb926107c0d73,2015/8/26,4
b85c30ce0fef4ae0bb6410dcc712c932,**集团,9fb868f955d61ab27a2dc8959f63a029,2013/1/1,2
b87279ced17f4863a6fa7d1cab2aa057,**互联,6dbe42ebf81f401b0a5d69931f202f78,2015/10/29,2
b87ae937899545969abf44753b774264,郑***资,17088ba4f060c211a08e16d38fe64c62,2011/11/25,3
b8b5878a46394c1bb229a1a978c738b0,**投资,00622d6353a5dfcea984e307a2a5e495,2014/8/12,2
b8b5878a46394c1bb229a1a978c738b0,**投资,07c4e1cf3b6062dd15f27ff6353081ed,2014/8/12,2
b9f01f528bd24184971226638f95c9ca,万***资,f021853cac03474f4c16f2ab423ed268,2001/5/30,4
ba2d2ff0d12a4fd2881c1c61eccdc130,上海***业投资,09e3058a6895d4064084f8cd749647c3,2009/12/30,3
ba2d2ff0d12a4fd2881c1c61eccdc130,上海*****业投资,64c8b260f3ba9036eb866a2abcded029,2009/12/30,3
ba2d2ff0d12a4fd2881c1c61eccdc130,上海*****业投资,bb99a737fc0a9e39079e71d99390a072,2015/4/30,3
ba5c215d706d47cbb8c55eb1622a0686,**工场,f4d7f723c0c840ede5e53db932d30ef9,2013/10/1,1
bafd77f6115945ff9e3d0e7aa7194fd7,游***投资,41941362cd1576d0e3432607c90d7e29,2015/8/9,3
bafd77f6115945ff9e3d0e7aa7194fd7,**资本,f28e1a206b5dfd0ac77072034f805d0d,2016/2/9,3
bb2432a04753404681f0d420fc16346d,中关**业投资,ec7b42769344dc394962afc4b269a3be,2013/2/5,2
bb2432a04753404681f0d420fc16346d,南***投资,8cf81dc894264e633fdcff0ed66b8004,2013/2/5,4
bb525e2833d64f1caa11d8534cd5574d,万***资,f021853cac03474f4c16f2ab423ed268,2012/9/21,4
bc1f0e1743094c459f494217f197ea23,**总部,496c6c408a4dcaf2f9ac7ca3d477f51f,2016/1/13,3
bc1f0e1743094c459f494217f197ea23,**帮,775ecbcf37eefa9392a40cf538c4b270,2016/1/13,3
bc1f0e1743094c459f494217f197ea23,**创星,820bd78adaeecb62d4e0df7b169aaca2,2016/1/13,2
bc1f0e1743094c459f494217f197ea23,观天*******基金）,1e03e8c2a04b7b406f953b33f111d9b2,2016/1/13,3
bc977df4eeae4c22a467c195838283e4,先***投资,1924f2a5acfc887b0217c0d57454bdb8,2014/5/20,4
bc9a10e7466a49fba40cd52fe675dddd,视***投资,c15ae892c6c5f472b1507ae741459b7b,2015/10/23,3
bc9a10e7466a49fba40cd52fe675dddd,**资本,c0365e1c6ffb4e9ac3addd5bcfac9c78,2015/10/23,2
bca44eaac0c14a099bb2600a7c4594d1,江苏***富投资,723cdbd119c1daa09271eb179e80c365,2008/3/24,3
bdc537c8a3414959b56956b92102f1b9,**投资,47dbb2bce6a310fb69a522233d88dcf2,2014/8/7,3
bdfe3bbea72043d6aee9c56a9353b57c,**股份,cdd2683aaf040048ddd79e3416bec7d6,2015/10/9,4
be192eb09c0d4b598baad953d16f5126,天使**人王刚,70a89afe30f3cea859213629fc6af4c6,2015/7/6,3
be90895970a647c2bbd77c8e78cd1428,**资本,829df73990b52e5b38460f749f5c9def,2015/5/25,3
beecc7d3fea5429cb56a09390d7d457b,**资本,829df73990b52e5b38460f749f5c9def,2015/12/25,3
beecc7d3fea5429cb56a09390d7d457b,杭***投资,8501a38a286d8448e5063411e9f4da20,2015/12/25,3
beecc7d3fea5429cb56a09390d7d457b,**投资,a9cd3f2aa3658c88aa652813f348604d,2015/12/25,2
befceb460d1041fe9be12dc8a1b4d8f7,**投资,2dd5c3c8ebe80df7ab5f327e596a1aea,2015/3/10,2
bf4a7a269855407292f3425ea43f6470,中***投资,744828ba7a744c63f97a324c6548c48b,2013/7/5,4
bfcc3611e4ce4edb9beffa520e05853f,深圳*******资集团,a5ff8c9c193acc6d8d1e0a3a43505e32,2016/3/31,3
bfd304ef956844e489faa71273f9c701,**投资,a6297981373ee31a13e06500df22f7ce,2015/8/28,4
bfd304ef956844e489faa71273f9c701,**湾,3651c9eeced5d078d2f4807bdf8a6079,2015/8/28,2
bfd304ef956844e489faa71273f9c701,**湾,3651c9eeced5d078d2f4807bdf8a6079,2016/1/5,2
bfd3e6e37a8446e38f83b0b180c63123,**投资,df7f196b639b132a35c8caede92dad00,2016/1/20,3
bfd3e6e37a8446e38f83b0b180c63123,**投资,df7f196b639b132a35c8caede92dad00,2016/4/27,3
bfd3e6e37a8446e38f83b0b180c63123,宁***资产,b53b0af1691f3c5eb744b5b1dc1a92d4,2016/4/27,4
c0ab62ca92744277afa0ab8bf2688adc,申***投资,0d81933b38c4c1f23dda99d4f340c08b,2015/11/6,4
c0ab62ca92744277afa0ab8bf2688adc,陆家****展集团,e995ef33a6cfbf35851c5b5ea8b28fac,2015/11/6,3
c0d1a0a5fc4e4f11968ad7a987b36271,**创投,f70791af62a8d5cedad974971b3f39d0,2002/11/14,3
c0f68aebb30c4e8c83d287858d9d45ab,天津***泽资产,0bc4a922f670fc04fe68ed83e6de36a0,2015/10/30,3
c153dc8550ea409ab7f63c000fff73f7,**湾,3651c9eeced5d078d2f4807bdf8a6079,2014/4/1,2
c1da1d5f736c4698b58acaf25bf022fb,通***投资,4ba90951267cf8a49e717ae138da365c,2015/3/27,4
c21d493459974f8a8699890b25965d12,**创投,b2f746de609c0d98744d3261a889d454,2012/11/13,3
c25bdc18f8db4bbaa1c9626b0f81b53b,**接力,7510ac14ecac18d1b698048e0f9e6fe2,2015/9/30,2
c29ab7547c0948baa80be262ecdcb7b0,**投资,afbfaaa2b391de2ed3f82af398c92b6e,2015/12/9,2
c29ab7547c0948baa80be262ecdcb7b0,杭州**兽投资,db597c4c3cd954c539fd92483506ed82,2015/12/9,3
c29ab7547c0948baa80be262ecdcb7b0,杭***投资,af93710b070de16a47afd755e68e19ed,2015/12/9,4
c2bd5e5175314c65a152cce1152f4622,**创投,9951e5879f16a5d9c9033cb838230e9b,2012/8/7,1
c2bd5e5175314c65a152cce1152f4622,**投资,064cc36eb894fb8d623afe2707632906,2016/4/1,4
c2ef0aec806e42e6b53c0718279ed9b0,国能*****）投资,8fcc889a64ac15b9e896bc9e451ac3f1,,3
c3897f2a9faa426d8fb8f03cb35e1be2,北京*****业投资,f17fba7205cd20953b1dcac469dfe6a4,2015/7/28,3
c3953378dcba45809007d66c06228e1e,盐***器,49d1104125590ed50e93fb9edaa4e312,2015/11/2,4
c444c0d0c7b84aa58d1b36ad4d80e643,*浪,62a3c7ee758a52d906d78372d1abbfbb,2014/11/12,2
c444c0d0c7b84aa58d1b36ad4d80e643,常***投,ff7771bf534b6f960561e7b7154de950,2014/11/12,3
c475d255b07449eab3372ab6d3bb4dc9,**汇,c9263ccba65e4a4998440a47a2b5635f,2015/5/25,3
c475d255b07449eab3372ab6d3bb4dc9,**资本,83015be78fcb2a7c3480e4ebb5e6b614,2015/5/25,3
c475d255b07449eab3372ab6d3bb4dc9,**资本,83015be78fcb2a7c3480e4ebb5e6b614,2015/10/15,3
c57bf5cd772f46e78a0d06078fa230eb,金***投,0a3b8ee28dd45998a6f60d8d5401831e,2014/7/24,2
c57bf5cd772f46e78a0d06078fa230eb,金***投,0a3b8ee28dd45998a6f60d8d5401831e,2015/9/15,2
c5dace18f5834ba5b2f08d4e88834400,**资本,4c8f2d2feee0aa4046ef6d0428b4aaf0,2010/3/25,3
c60fb117c41f4f75a694d89027217576,**投资,b5c71eea8e7c515bcbea113d296f88a7,2014/10/10,4
c66dee955ca946b08102fa372140988b,**资本,b8a1c5d90a6b9b569004e4750d4a182f,2016/3/15,3
c67f2e60c438489d960c257e26d5a885,**君创,591e42ba04a7bbe6433898b7ae85f390,2016/6/15,3
c6af062d3dfb43f1943ed3ef300e8870,上***投资,f44392030f2730b3009b385831e0c3c5,2012/5/7,3
c6af062d3dfb43f1943ed3ef300e8870,In********智空间,ec7ca71d4e6378c112c2fe0b60b59e2a,2014/3/1,3
c6af062d3dfb43f1943ed3ef300e8870,**创投,e4c627fba0cf845d04d3a6a9250d6687,2014/3/1,3
c6def214bbb14575851b8dd0b5c3eb38,**工场,f4d7f723c0c840ede5e53db932d30ef9,2016/1/1,1
c712f947f75d48b893aafcafc6760139,**创投,7c4039f872933cceebb6864540092ba5,2014/1/23,3
c712f947f75d48b893aafcafc6760139,**控股,c752bfa37bd637b368fbf16293fa547a,2015/7/30,3
c798bb118c0245968470de0b7a2c0349,**投资,8f794152ed04d64dbb215117fd3b46e6,2015/9/30,2
c8538bf53681401bb1322d91e8e1e032,世***投资,1e222106444c6693c029d58537a33115,2015/7/29,3
c8c571d9b71d46e8a1502b397358db7d,**资本,2d80873f3df164a552944ac91bc508bc,2014/1/31,3
c8dc5fc1b56c4fea9914bc6d76258b49,上***投资,e88a7660b56f3762fe9dd89c60e90bf2,2016/4/25,3
c8dc5fc1b56c4fea9914bc6d76258b49,新疆***权投资,bb5fbba843d082ba4fa5471cc29f1928,2016/4/25,3
c8dc5fc1b56c4fea9914bc6d76258b49,湖***投资,e7eec29fc555b5c2b565c9a7b25886de,2016/4/25,3
c8f7ae1f08aa48ad8141c4e6cbeeeadf,深圳******业投资,b8d2c957ce9ac171d6301e7e445b94a3,2016/3/21,3
c8f7ae1f08aa48ad8141c4e6cbeeeadf,**资本,6f737b5f06b8ec145a4c7b2b2067b0ca,2016/3/21,3
c9331fcd239f4907aedc22bf57e74466,上***资产,58d91c67cc39cb6184dc7307c8922dad,2014/10/31,4
c9331fcd239f4907aedc22bf57e74466,**投资,84d62def6a9eda7a4bdb9441bf5d4453,2015/6/23,3
c9560255223d45ee921eb48ca247e618,**资本,b6eea2fcbc5f856c10cc6c95d38f977c,2014/4/25,1
c95e654fca95496585a39cac1f029956,清***投资,646a16a9ffb863f97f3b36952b3358e9,2014/9/10,4
c96f25da6b1a48649782489043c74e4f,**证券,9a22081df9a3dc92346092250905824e,2015/7/30,2
c99fc89226034040bec0150736248030,**网络,c1228db1a203409668cdd787043d485d,2015/11/26,4
ca692cb0bda24ab68b10b081db85ddc6,湖***投资,80b77ebfa6b801ec792af0e4ad082d9d,2015/9/1,3
ca7f4dd010f1446d971ea0f32d3cca8e,上海***权投资,cceb51535ce1b4546013e67cf38cbc7c,2014/12/2,3
ca7f4dd010f1446d971ea0f32d3cca8e,**创造,058482d54517037b51c67baa12e39ae7,2015/6/15,3
caa9e50aac84482b854c7a6a90aa0252,**证券,9a22081df9a3dc92346092250905824e,2014/7/22,2
caa9e50aac84482b854c7a6a90aa0252,上海**桥资产,4d7caea06cce037fadc6f1e2e127184d,2015/1/29,3
caa9e50aac84482b854c7a6a90aa0252,**证券,9a22081df9a3dc92346092250905824e,2015/12/17,2
caa9e50aac84482b854c7a6a90aa0252,上海****权投资,4920ca03e973bb7084c00359043d4c32,2015/12/17,4
cab8f3100f5e4cabbd98704787d26b52,**创投,5f8659241aa0e5892121d4f7b08ad7a6,2016/3/1,3
cab8f3100f5e4cabbd98704787d26b52,**投,d98abe104788c9e3ec8dc9d9248641e1,2016/3/1,3
cbe09330ff214fe4a3148f82088042d2,汉***投,2d12529089a6afae041f3fc726b70abe,2014/12/22,3
cbf07bfdf627415cb7d802dd7b0cfcab,**湾,3651c9eeced5d078d2f4807bdf8a6079,2014/3/21,2
cbf07bfdf627415cb7d802dd7b0cfcab,**控股,a645828b66e39fadfc7a69bba1849371,2016/1/1,4
ccef8d60c15a4b51857c4dd3cb76503d,**投资,df7f196b639b132a35c8caede92dad00,2015/8/26,3
ccefecf1e5624eaaa2febf753d859fcc,鸿***基金,5a73b4c72a48fc721ea420b07be44060,2015/6/5,4
cd512a0bf7ee45f591766bbeba296389,**控股,854349208a666655ce17d6a725d9728f,2014/9/19,4
cd6dad86fdec4e3695d0b65fdf1d85d0,物***集团,5b8be94c670eece810aa8dfb6cc736f9,2013/1/23,3
ce015c510d964e649f303d5187b69ee7,**资本,5fc3b525eed99eb886e7e6fef564066a,2015/10/15,2
ce35686d04ff4b5d889059f516059728,苏州*****息投资,348ebd6d3c760a916ae665f5b75c97ea,2014/5/21,4
ce35686d04ff4b5d889059f516059728,苏***投资,772792ae863c62cec0f3d43221478a80,2015/3/12,4
ce8a17e225cb45efb6a0cc099e7ee0b3,**资本,da1dfbed52ffc689826d3979f481318d,2016/5/16,3
ce8bc263bfe447a5a1523276dd0ead45,杭州**兽投资,db597c4c3cd954c539fd92483506ed82,2016/3/24,3
cf303f97b0df40afa9a484e72167367a,**资本,fe814e111c4157bdf6664ab57b41f934,2014/9/18,3
cf303f97b0df40afa9a484e72167367a,**投资,66662bbc6f21b01603a0052c471efdb3,2014/9/18,4
cf303f97b0df40afa9a484e72167367a,**谷,1fdf2095cbb28e20560c1880918de42c,2014/9/18,3
cf303f97b0df40afa9a484e72167367a,创大****Hub,6e6d1a4a379b5e51748d2e338db44ba6,2015/2/17,3
cf303f97b0df40afa9a484e72167367a,**资本,74d78c69c4b12d2f5987119a143afb1e,2015/10/28,3
cf303f97b0df40afa9a484e72167367a,**投资,9bc36e45ffc079910e92a5c3f1655b54,2015/10/28,3
cf303f97b0df40afa9a484e72167367a,**资本,ce8c01a6f61387da43c1cf31dc89680b,2015/10/28,4
cf303f97b0df40afa9a484e72167367a,**投资,9bc36e45ffc079910e92a5c3f1655b54,2016/5/20,3
cf3b0d9afb854b8787f8ffc51429c3bd,北京***富投资,29ef0d9fc4bb03375c6f1fc46873b78a,2015/2/12,4
cf590962a3b049b397fe4a3cacbbcb3f,**创投,c1daebd7f2bfd65c4d8cb2c976f2eb41,2015/3/23,2
cf590962a3b049b397fe4a3cacbbcb3f,**创投,c1daebd7f2bfd65c4d8cb2c976f2eb41,2015/8/28,2
cf81acfb5f754cf7abe500f646f8ccfb,中国***业集团,089f6bfa6b52f346f97d9b740c60c76e,2014/12/11,3
cfae6040553d417580751aa88eb04479,**创投,69a6701d0abcc8d03caa510b609c5603,2016/1/16,3
cfd07fe4bdb44223817d0e5a8db852be,海***投资,5c5371bcc6f4273af49a6a5e274d6607,1979/7/1,3
d08ae54eb8604084974184a01afdd527,**接力,7510ac14ecac18d1b698048e0f9e6fe2,2014/5/4,2
d0f53d3c751642b09a6f42f5fc8f6b40,**资本,4ada1e9b44e7f13e7278b26659342ea9,2016/4/6,3
d10392de3df44e9e9e2d6bc193abbf74,**资本,9587e0f23ced2b269c891e2d9315f4c6,2014/3/17,3
d115e56f488a462cb2a9ebce470b3b13,**证券,9a22081df9a3dc92346092250905824e,2015/6/29,2
d11ffbee5970469fb39c1bfb0611b67e,华泰*****瑞麟）,ae305d3790b85b60f0355c07c4d53f2e,2009/3/16,2
d11ffbee5970469fb39c1bfb0611b67e,**控股,c752bfa37bd637b368fbf16293fa547a,2015/11/24,3
d19ec99510ae4959a27c7065b0a6ed2f,In********智空间,ec7ca71d4e6378c112c2fe0b60b59e2a,2014/10/27,3
d19ec99510ae4959a27c7065b0a6ed2f,**谷,1fdf2095cbb28e20560c1880918de42c,2014/10/27,3
d19ec99510ae4959a27c7065b0a6ed2f,**谷,1fdf2095cbb28e20560c1880918de42c,2015/2/28,3
d19ec99510ae4959a27c7065b0a6ed2f,**谷,1fdf2095cbb28e20560c1880918de42c,2016/3/19,3
d1dd0c0fa4ee41beb538bc3007fe0b96,共青****化投资,4ba09e52d21c63956fab6cd841456f3b,2016/1/25,4
d239b303a070482d89748b9bbf3d3cfe,**硅谷,cdc2fe43cfe349c5fb454e4d9aeb82c6,2015/6/10,2
d239b303a070482d89748b9bbf3d3cfe,**科发,cc8af06d31dc64a271002fc8334321c7,2015/10/16,3
d239b303a070482d89748b9bbf3d3cfe,**创投,d29d49de01893ccdd546da2b6b2cda76,2015/10/16,2
d2a1bb0a74564ad79a4482661189fb43,**基金,dd834c8ad98210a969ec8b83ece07bcc,2016/2/16,4
d3a6e8747fd44ea8a433bfd063fdf106,北***投,e593a7bca1c66b2aa9b3a10f74f41dfa,2015/5/13,2
d3e3a1e4cea24749b739d27afa2d76b8,**接力,7510ac14ecac18d1b698048e0f9e6fe2,2015/12/3,2
d3e3a1e4cea24749b739d27afa2d76b8,**资本,f8f70c277e47178863e8ba41c6fd294a,2015/12/3,3
d457c68b3682420b83182f6cfcd819ac,**集团,2e810de469b75ae0c52e86b765cfb358,2016/6/22,3
d4c7337da05a41cdbe65548a9e3956d3,上海***济资产,0df0477765e56693177164bea5c523ca,2015/2/13,3
d556dc8a1ed3465cb90917f86c52812b,**帮,775ecbcf37eefa9392a40cf538c4b270,2016/1/13,3
d556dc8a1ed3465cb90917f86c52812b,**汇,c9263ccba65e4a4998440a47a2b5635f,2016/1/13,3
d556dc8a1ed3465cb90917f86c52812b,**科创,612954c68ed7bbd7e0ef2cf22e9a8563,2016/1/13,2
d556dc8a1ed3465cb90917f86c52812b,**资本,6a158cbf1e0dd5143e50f05d253f9b08,2016/1/13,3
d556dc8a1ed3465cb90917f86c52812b,**总部,496c6c408a4dcaf2f9ac7ca3d477f51f,2016/3/11,3
d556dc8a1ed3465cb90917f86c52812b,**资本,6a158cbf1e0dd5143e50f05d253f9b08,2016/3/11,3
d556dc8a1ed3465cb90917f86c52812b,**创投,6ebb0901c53ae08c0df5f802a2b644e0,2016/3/11,4
d556dc8a1ed3465cb90917f86c52812b,**汇,c9263ccba65e4a4998440a47a2b5635f,2016/3/11,3
d556dc8a1ed3465cb90917f86c52812b,清华*********A基金,cb04bdf977b8dceb1b3fc57c2e472069,2016/3/11,3
d556dc8a1ed3465cb90917f86c52812b,**帮,775ecbcf37eefa9392a40cf538c4b270,2016/3/11,3
d559255b74b04c08a182d4299a4d2f78,**投资,eac1c583c7a10c5c256bb746420cb9e4,2015/11/4,3
d5c358d54f334c8ab650715bac722d56,上***科技,99f248478a75fb0663c5979783bd437c,2015/4/27,3
d79ebe391b6142d89cdc97f2f6a83209,**创投,69a6701d0abcc8d03caa510b609c5603,2015/11/11,3
d83d52bed8f640fc94f4077c7df397d0,**接力,7510ac14ecac18d1b698048e0f9e6fe2,2014/11/19,2
d85dda1526c249ffaa70c5b73f4ac280,银***投资,07cd7ffe02a0e87790e94f2a1d0b16d7,2015/10/16,3
d870a9c5f1a048a8b11adc5802cc0075,北***投,e593a7bca1c66b2aa9b3a10f74f41dfa,2016/3/8,2
d870a9c5f1a048a8b11adc5802cc0075,中***基金,d1e8e1d872dd1696d3bd45f73cf3149c,2016/3/8,4
d870a9c5f1a048a8b11adc5802cc0075,创业**使基金,ab91c695adb1d795627ce419c5fb5f39,2016/3/8,3
d870a9c5f1a048a8b11adc5802cc0075,北***投,e593a7bca1c66b2aa9b3a10f74f41dfa,2016/4/29,2
d870a9c5f1a048a8b11adc5802cc0075,恒***投资,02d6977e861e3e7c36bb8668b07d2c34,2016/4/29,3
d87e531ec29649e4a89cb7deea672627,**投资,dd327b240c6f5a1b0342f50d6a5675f4,2015/4/1,2
d87e531ec29649e4a89cb7deea672627,**创投,8d78544a83d5e4eb19f40263b0ee587b,2015/4/1,1
d88e37c0ad874173a98564de126ad091,光***信托,bb2906725d4c1178731b0bd865bc58d6,2015/5/11,3
d8bafe7d24a1481aaa61c1553d9c00ce,**投资,7a63b1f3d2b807f4cf88e34ddb69889b,2015/8/27,4
d8bafe7d24a1481aaa61c1553d9c00ce,珠海****权基金,798c6db5de606eda72d63c998440e660,2015/8/27,3
d8bafe7d24a1481aaa61c1553d9c00ce,金***投,32f265dcf5f8897f9092aba5cd2d20c1,2015/8/27,4
d8bda62678a843d8b72ff2d9d8a0f647,厦门***盛控股,7525a3c1b10a2b6e44f72286e2bc9367,2013/11/28,4
d906c74f176345cfb2d23f937b6b7ecc,酷狗****技投资,fe0e576b71b10267d72be994510969bb,2016/2/18,3
d90fe62dac3f49e1ae2a09e0faa03582,开***投资,bd8723af1b8b406848d74e2cfa28379d,2015/12/25,3
d9692de40d1344498fefa7b6fefb51f7,**伟业,34a83fcd8583213d30f4eac33d96a93e,2015/12/12,4
d9692de40d1344498fefa7b6fefb51f7,长沙***业投资,c2d897279386e0168e1b24e5d41360dc,2015/12/12,3
d9caed28548547f49bc12cb99eff9075,青岛*****权投资,09fa5194f08fe6e34c98d892b371e7f3,2016/1/27,4
d9db39c681e64941837940250cc31f94,杭***投资,987c97eb3a32533433e44586a6691fec,2016/3/24,4
d9e1f9371105493b98f37dfb1e837db9,奇***0,66a03477547e9bcee6a390691b3a6c64,2015/3/1,2
da21b8874cba4d4bad7f361cd9fd3eeb,**谷,1fdf2095cbb28e20560c1880918de42c,2013/9/3,3
dac871e714fa41198a4f630e2e7fe776,上海***业投资,735382b9cde888f8854b4a6653ad8822,2013/2/26,3
dac871e714fa41198a4f630e2e7fe776,Pr***gel,53b634dadf1a3434c7c6b60013aa5ca2,2014/5/13,2
dac871e714fa41198a4f630e2e7fe776,**谷,1fdf2095cbb28e20560c1880918de42c,2014/12/5,3
db0e98cd603a40faa44eab9a73e5e388,**资本,7ca747eb3c6f0cf02a24ae00c34bb8a9,2014/12/23,3
dbdce73882fc447ab1e78ef9307c5555,北京**博投资,2fce5a7ac9c5798d7768923b75b050c1,2014/5/28,4
dd9ffe6c55c44e40a76a527a747b4d35,北京***技投资,433a05346fcb4f7ad0bccff67ac03449,2015/3/20,3
debc64c2b40d4210b03f35019b6369c2,**基金,b1647d493f5eed30952f9312b610652a,2014/2/10,2
df50cc12b1d341b7970a24b74b403103,广州****权投资,2482c321805342676290a548855241fd,2013/9/23,3
e0396f0bef4e40aabb062e60543f65d2,**创投,9951e5879f16a5d9c9033cb838230e9b,2012/1/9,1
e0396f0bef4e40aabb062e60543f65d2,杭***投资,51f7d05d4d92d1c44e83e9b59a5fe0b1,2012/1/9,3
e0396f0bef4e40aabb062e60543f65d2,金***资,8ce066f5fa659c2939fa0cdcae4f5953,2012/1/9,3
e0396f0bef4e40aabb062e60543f65d2,深圳******众基金,2908062e20f5d7eefaead115bd702fe8,2012/1/9,4
e0396f0bef4e40aabb062e60543f65d2,**控股,7da64db8c8ce68bfef55483c59a78856,2012/1/9,4
e0396f0bef4e40aabb062e60543f65d2,光***投资,2bb4ee7baab7cf8ac5cfafc6e73d0e24,2012/1/9,2
e04e5eff418141aa9f8e8b0e503480ce,北京***本投资,b4da1cdad2b70993125eab8a0162fa60,2011/10/31,4
e0bec729bbd5454ca1926e6fd498716b,江***集团,563ad1a99b98007e5352d6d2d21d5498,2013/9/29,3
e10809d61fcb436f9c21691cc44f842a,**投资,64886d99822dcd2070040c8fdffdbbd0,2015/7/10,4
e10809d61fcb436f9c21691cc44f842a,**创投,9951e5879f16a5d9c9033cb838230e9b,2015/8/24,1
e10809d61fcb436f9c21691cc44f842a,**社,2dce834097ba3b45fb2b938823abd058,2016/5/9,3
e119f0779b544690bafee474fd22e0a7,大***投资,afc30e6f53e9adf652592d627b0039d7,2016/5/10,3
e1d5d339471d4bd69fc50b6eaad763cf,**文影,d9e8dcf3477866dfcd3933cdc72fa902,2015/7/6,4
e1d5d339471d4bd69fc50b6eaad763cf,贵州****业投资,603e351a107e1d504c4740b2ba78c307,2015/7/6,3
e2a0895e1f3e4ad69f1194e344ace788,深圳****睿投资,0ffc0227e992c4fe2271bda8185c83e7,2015/6/8,4
e2a0895e1f3e4ad69f1194e344ace788,**创投,a2edbc8192a173c768c8b115ea73f59c,2016/5/17,3
e3c3b676457643e5a5035efcd92ba202,**投资,9bc36e45ffc079910e92a5c3f1655b54,2014/11/18,3
e3c3b676457643e5a5035efcd92ba202,**投资,9bc36e45ffc079910e92a5c3f1655b54,2015/2/28,3
e3c3b676457643e5a5035efcd92ba202,**基金,566d01cc877065e1d6ec824e68ff7446,2015/2/28,2
e3c3b676457643e5a5035efcd92ba202,**资本,74d78c69c4b12d2f5987119a143afb1e,2015/2/28,3
e3c3b676457643e5a5035efcd92ba202,**永宣,1c655fa1c5703a12533e2de443cdd347,2015/11/25,1
e3d976ab8e1640af9f761547db988202,浙江*****新投资,daa610443a4d6f0ab845f602c8eed9a1,2016/3/4,3
e4d807b6b2dc463e983c9b1be0170369,**资本,3ba30524b4958cd2361850822a73e52b,2016/1/5,3
e4d807b6b2dc463e983c9b1be0170369,**资本,69e5c07619f0dcfd3022231e361e6676,2016/1/5,3
e4d807b6b2dc463e983c9b1be0170369,北***投资,fceb9e893c52b399095b6070ea8a500f,2016/1/5,3
e4d807b6b2dc463e983c9b1be0170369,**资本,3ba30524b4958cd2361850822a73e52b,2016/4/6,3
e4d807b6b2dc463e983c9b1be0170369,**资本,69e5c07619f0dcfd3022231e361e6676,2016/4/6,3
e4dad0d8af254e61adf2d4fc877cfc2d,**投资,07c4e1cf3b6062dd15f27ff6353081ed,2015/1/3,2
e513eac06f9a49eb91e2435296cd77e4,立***资,19ba1c0fe287b5a60b3bdb1739a00bf6,2014/11/6,3
e513eac06f9a49eb91e2435296cd77e4,立***资,19ba1c0fe287b5a60b3bdb1739a00bf6,2015/6/18,3
e542b095d924474398121dbe37c2aa14,Pr***gel,53b634dadf1a3434c7c6b60013aa5ca2,2014/8/28,2
e5fa6255aa3347239e4e0089c5f6c66f,**国发,9d6cbc2f7af5e517dc5dfa1aac1fbd5b,2015/2/15,2
e67db0b7b01d44ef9e18e522c9c2e464,**资本,051b1f1ce4c7030049f3a7de21b6d698,2015/8/19,3
e6b06c912eda4d7c9f6d1b946185e3d5,**投资,f2d2a5cef0e7cfe37cc4c39d4ca3dd70,2008/4/1,4
e6b06c912eda4d7c9f6d1b946185e3d5,**投资,f2d2a5cef0e7cfe37cc4c39d4ca3dd70,2010/12/28,4
e6b06c912eda4d7c9f6d1b946185e3d5,**投资,f2d2a5cef0e7cfe37cc4c39d4ca3dd70,2012/1/1,4
e728b17a1c734f3c96bc0be9ad50f317,江***投资,7d19be9526cfe6461705bcaf3a777da2,2012/12/26,3
e7470a84a7874895b1290587bc95fbfc,*浪,62a3c7ee758a52d906d78372d1abbfbb,2016/1/4,2
e7470a84a7874895b1290587bc95fbfc,常***投,ff7771bf534b6f960561e7b7154de950,2016/1/4,3
e7c005031ca54a608313aa5a81ca857a,**互联,87d2e6cdaf7ad20cc1fbc9abca107d0b,2015/7/6,3
e7c005031ca54a608313aa5a81ca857a,**资本,4ada1e9b44e7f13e7278b26659342ea9,2015/7/6,3
e7dc0108899c4808aa654326a3435f35,湖南***股集团,af408d8521d2555530165003f20e496a,2000/9/27,3
e8067a6d3a1f4fadb84a0eebf292af6c,北京*****业投资,f17fba7205cd20953b1dcac469dfe6a4,2015/8/20,3
e87172640ea94ad1af7f0184a8b44bbc,**基金,6c9ef3546655a6bae767023e19048d13,2014/8/27,3
e87172640ea94ad1af7f0184a8b44bbc,京***投资,3674305830e5595c1686b27554f22718,2016/6/29,3
e87172640ea94ad1af7f0184a8b44bbc,宁波***新投资,e38e178c3c03ca65681f7478c793f93b,2016/6/29,3
e87172640ea94ad1af7f0184a8b44bbc,**基金,6c9ef3546655a6bae767023e19048d13,2016/6/29,3
e8aac82f85e34ec8a1ead488859a3094,**资本,dc5b86232d0d3318656e1814cecbd8dc,2016/1/15,2
e8aac82f85e34ec8a1ead488859a3094,**资本,dc5b86232d0d3318656e1814cecbd8dc,2016/6/22,2
e8aac82f85e34ec8a1ead488859a3094,海***产,a3380b4b227270b6834e551d19a0c4fc,2016/6/22,4
e8df29b1977a408d8fbfa3003da4134a,**资本,6b53ece9b2a42525483c5ef522f0fcc1,2009/9/15,2
e8df29b1977a408d8fbfa3003da4134a,**资本,6b53ece9b2a42525483c5ef522f0fcc1,2014/8/5,2
e959110bcd894a30b2beed73551c9308,**创投,c1daebd7f2bfd65c4d8cb2c976f2eb41,2014/8/15,2
e959110bcd894a30b2beed73551c9308,**资本,9549330f9c0a0be6c6356120787ad12d,2014/12/16,2
e9ab7112b50047a8b5d5b4d7403717f2,**永宣,1c655fa1c5703a12533e2de443cdd347,2015/5/19,1
e9ab7112b50047a8b5d5b4d7403717f2,**资本,15b4ac944282a3e316e7666c8f286dac,2015/8/11,3
e9ab7112b50047a8b5d5b4d7403717f2,**资本,15b4ac944282a3e316e7666c8f286dac,2016/3/1,3
e9ab7112b50047a8b5d5b4d7403717f2,**永宣,1c655fa1c5703a12533e2de443cdd347,2016/3/1,1
ea289a0811ca46638c563a75f9c10853,**科创,612954c68ed7bbd7e0ef2cf22e9a8563,2014/6/10,2
ea289a0811ca46638c563a75f9c10853,煌***资,eacbe23d97707cb007aead513ba23c99,2014/6/10,4
ea66e03d8e3b402d9577ce8f5ffe1fb4,**招商,0ce892cdd2d4b8d99226e65daca70ed0,2015/8/6,1
ea66e03d8e3b402d9577ce8f5ffe1fb4,**招商,0ce892cdd2d4b8d99226e65daca70ed0,2015/9/19,1
ea6fbe164e30441c9d166c8689a2e1cc,**资本,b6544fa628b866cd9ce2a6f73b29c57c,2015/7/15,3
ea70a27eb8634b84a735b16e9f35b0d8,**投资,155c7c0304ecc1acd7287caf066dafb7,2015/9/7,3
eb0c96ecbdc5473184824d459f2aad68,余江**胜投资,1e2946fac723bc8c02fe6324ce402b9e,2006/2/6,3
eb0c96ecbdc5473184824d459f2aad68,达***投资,f98d07d0bce4aa82f5b1fd0314c7966c,2015/11/30,2
eb0c96ecbdc5473184824d459f2aad68,**投资,a77d143883d8e1153ea6c1e8b59210b7,2015/11/30,3
eb5593cd8ec44eb885089e75c7c399be,广东***富资产,b096f314568b4f044ea9913ea17b609b,2016/3/2,4
eb68dd4e99d045f2b58e1f35c69d06fb,**资本,9549330f9c0a0be6c6356120787ad12d,2016/5/23,2
eb68dd4e99d045f2b58e1f35c69d06fb,**资本,c16ef38496e38185dd916ba230f7e9e2,2016/5/23,3
ec20d3d5d9284ee0bf897f20555f09fc,苏***投资,613a049447d010180edbe798e9231dbc,2011/1/20,4
ec4e666e82f64fa9bbe75bb68123ab1a,上***资产,c248e9ae678ae4e06063d34a279cc1e2,2015/6/30,4
ec686c6527f84168ab3d5e0feeefd3fc,广***投资,56f026b51475a7031a68ed5674dcf2cc,2015/3/5,3
ecf34098308745338fa3908910c15858,**基金,7ab664196eb00a9458c9e9b0ac8eec06,2015/6/29,3
ed0822b308ac43c8a575acbbcb523c07,孚惠*****兄弟）,6f90efdd157ba68a54348a1cf64cd7be,2013/8/8,4
ed117d424d1843bc852572c3f471f769,**资本,dc5b86232d0d3318656e1814cecbd8dc,2007/1/22,2
ede1ecc386394acab8ce5eb3765f844d,杭***投资,1e715d1ba7b92eb4f026463a31808895,2014/9/28,3
ede1ecc386394acab8ce5eb3765f844d,**湾,3651c9eeced5d078d2f4807bdf8a6079,2014/9/28,2
ee5204205dde4b8fb4a935e689c39424,*通,8604270694837d14d85ca6db182c7375,2015/1/18,3
ee5204205dde4b8fb4a935e689c39424,**创投,3265eaf949980745e17738ddb8fea8b0,2015/1/18,3
ee5204205dde4b8fb4a935e689c39424,*通,8604270694837d14d85ca6db182c7375,2015/8/11,3
ee5204205dde4b8fb4a935e689c39424,**创投,3265eaf949980745e17738ddb8fea8b0,2015/8/11,3
ee5204205dde4b8fb4a935e689c39424,北京*****业投资,9c2be9802479a8bf8e9eabcec1457a0c,2015/8/11,4
ee5204205dde4b8fb4a935e689c39424,*通,8604270694837d14d85ca6db182c7375,2016/5/28,3
ee5204205dde4b8fb4a935e689c39424,**资本,21fbccb78dd24894c3d82ce5ccb0dee5,2016/5/28,3
ee5ea7c60a2a47b286cdc95a0d9f45fc,北京***富投资,198d3edbd2c2c1307f975931b68ddd57,2015/12/31,4
ee61f4109dcf4f5fbbcd54a581059ca1,中国**资担保,e4dc8a70e2792889c570f32fd84d2508,2014/3/20,3
eee023d0d2874efca978731440837f20,Pr***gel,53b634dadf1a3434c7c6b60013aa5ca2,2015/7/1,2
eee023d0d2874efca978731440837f20,**投资,eea1281e7b75671f4f71423e18d3194f,2015/7/1,3
ef056bc5a3b4472aa11cbb4ac28bd73e,上***投资,f572ba7f5609120a5f8c35620da9c501,2016/3/24,4
ef10b504c23140e8aeb63ce81dfe67e5,游***投资,41941362cd1576d0e3432607c90d7e29,2015/12/10,3
ef84f8389ff9475abbd5bd360c67fec3,Pr***gel,53b634dadf1a3434c7c6b60013aa5ca2,2014/5/8,2
ef84f8389ff9475abbd5bd360c67fec3,Pr***gel,53b634dadf1a3434c7c6b60013aa5ca2,2014/9/11,2
efabed238f574d2c97d7229f23a53cdd,**投资,00622d6353a5dfcea984e307a2a5e495,2016/6/16,2
f0396f928235480ebeaf5e1484f53474,海***投资,5c5371bcc6f4273af49a6a5e274d6607,2009/11/10,3
f0a3dc0ffb18453d9ad235524b1bcef9,**基金,ee5f4943da0b3080db22331aa84fb7c5,2010/11/25,3
f22bf2c1e58f4656a99aa96584844782,**创投,120cedc1872694c2800b3aa0216e795f,2016/4/1,2
f24d3df0b02d45849b1726f2777bb9f1,**创投,a2edbc8192a173c768c8b115ea73f59c,2012/11/16,3
f24d3df0b02d45849b1726f2777bb9f1,深圳******业投资,60930d85fe6e89ee414a67cccd581bed,2012/11/16,3
f26b98e97c3c477f90fa3bf9d7ebd69d,北京***思投资,d746f42274a36364c2174bdbf59c54ba,2011/10/28,3
f2ca9f81e74d4df0a8aa97995d20dc60,北京****羚投资,78bec018d18d007277e6000b4664f5c5,2012/5/25,3
f3ebec6480af4558863802dff5a6ec08,**资本,f8f70c277e47178863e8ba41c6fd294a,2014/12/29,3
f42490edaeca40dd8dcc55fb3a9011c4,**资本,dc5b86232d0d3318656e1814cecbd8dc,2015/7/10,2
f489ab9f50aa40b0a49c2f9fe1a3617d,*易,f396b4655d01bc4aa66145ece7366adf,2010/3/15,3
f4fe4a37bb394168a356d7df9082d7bb,大***网,2dfce9cd191df068348fadb2e72b4943,2014/9/26,3
f4fe4a37bb394168a356d7df9082d7bb,大***网,2dfce9cd191df068348fadb2e72b4943,2015/12/13,3
f5d565dc98104da9980249a54c136ef9,**资本,07aff73d3c7affe93ab8755ae80c7ab7,2016/3/15,3
f701e78656ab44ab875a115c268fcb99,任飞*******中心）,56f2abea16583155421e0a115670e571,2015/9/11,3
f71155321afb487aa9e16156d5e6621a,视***投资,c15ae892c6c5f472b1507ae741459b7b,2015/6/15,3
f71155321afb487aa9e16156d5e6621a,**资本,c0365e1c6ffb4e9ac3addd5bcfac9c78,2015/6/15,2
f7713c4a494948b3b268358d6d804616,酒***资,f53242cd5c0de2af51f53e0b0b063cb1,2012/3/13,4
f795bdefd8374e90b4655ef4916d71eb,达***投资,f98d07d0bce4aa82f5b1fd0314c7966c,2013/8/9,2
f84ba241934548b0ac093219925aaa0b,上***集团,b01b0e2fc1f413de6bf192662e062686,2015/6/19,3
f889399e830246dea08f392d6ec30fc3,宁***集团,ef1371fc88506c1de21f4e5881296896,2013/8/23,4
f8898188b2b34d68b86908668d588518,**资本,e9db72892e1bde23b31f9fe784dc45f9,2015/7/23,3
f8898188b2b34d68b86908668d588518,考***基金,650218d72187d1d1e6a5bc3006728197,2016/3/30,3
f8898188b2b34d68b86908668d588518,**资本,88bca8a9bad4247d940fc0256af65244,2016/3/30,3
f8898188b2b34d68b86908668d588518,1***创投,9aa3b8fb05fcbe8e713297a0cf3d1dd4,2016/3/30,3
f8898188b2b34d68b86908668d588518,**资本,e9db72892e1bde23b31f9fe784dc45f9,2016/3/30,3
f8c4021cd81d4140b70760e304d74630,**互联,6dbe42ebf81f401b0a5d69931f202f78,2015/10/28,2
f8c84eee92954ef19ce01517dba4842e,金***集团,db2894b2bf1433462bff31b9587d3d1f,2005/12/31,4
f8c84eee92954ef19ce01517dba4842e,重庆*****权投资,bd7858eede5b446857a1d54cc17c937d,2005/12/31,4
f91a0092a87c492e9ac772008ee25909,杭***投资,dc274e3ace7ce0de368b83541ffac38a,2016/1/26,3
f94952f4f3834b1bb4984d0d25a3c692,北京***思投资,d746f42274a36364c2174bdbf59c54ba,2011/8/19,3
f97b4da0ab01479c8cd54faa2bc6f972,河***集团,9af88dcfa6a6c9ce60fde6aea686bea2,2001/12/26,3
f9c62494334540ce9b3322eb547adc09,**活,eed8779d71d9515cf87ddc51a6fb4978,2015/2/26,4
f9ff37d5070342a9984e59ffe5919653,**永宣,1c655fa1c5703a12533e2de443cdd347,2014/8/4,1
fab3a7d8be6c4463ac2d8e641ca826ec,**湾,3651c9eeced5d078d2f4807bdf8a6079,2016/4/20,2
fb8d71b0538447b98560b04fa2e93e04,**投资,11f3b8436c19769fe3fe8628a4f2d81e,2016/5/26,4
fb8d71b0538447b98560b04fa2e93e04,**资本,ddbefd9589115e6948b956e41b5d0bee,2016/5/26,3
fbc614100c654a7893a897e476fc99c6,**资本,33a0b13ece899a07c89fcb3eb2a27d78,2014/11/3,3
fc85d30e149047229ba52a0c19b3fe24,**资本,a19a50758ebb489f6505cd41596e6f64,2015/3/31,3
fc85d30e149047229ba52a0c19b3fe24,弘***工场,b52cf32baf1ce16419a50b363019394f,2015/3/31,3
fcae6c5d3d76405a8622630894555aa4,途***网,98dc31a7bd72ac8bf2b48d2d2f52f83a,2015/3/9,4
fdfa492096224c3780def11329c77d23,宁波**点投资,97f49051b3765d005d8f122d8f1189f7,2015/3/26,3
fea6360ee5e7439d89fdec645ce0da29,**创投,8d78544a83d5e4eb19f40263b0ee587b,2015/3/17,1
fea6360ee5e7439d89fdec645ce0da29,**创投,8d78544a83d5e4eb19f40263b0ee587b,2016/1/19,1
fea6360ee5e7439d89fdec645ce0da29,**传媒,74ecd11e2e7ed624c20efca6aaaeebd4,2016/1/19,4
fea6360ee5e7439d89fdec645ce0da29,**创投,309af5de9a027698b0fb02980f906a64,2016/1/19,3
feac978d2c76403bb8c96399472d5a87,**集团,9fb868f955d61ab27a2dc8959f63a029,2015/5/16,2
